"STATION","DATE","SOURCE","LATITUDE","LONGITUDE","ELEVATION","NAME","REPORT_TYPE","CALL_SIGN","QUALITY_CONTROL","WND","CIG","VIS","TMP","DEW","SLP","GF1","MW1"
"01001099999","1901-01-01T00:00:00","4","70.9333333","-8.6666667","10.0","JAN MAYEN SHOWCASE, NO","FM-12","99999","V020","181,1,N,0050,1","99999,9,9,N","012000,1,N,1","-0010,1","-0035,1","10150,1","08,99,1,99,9,99,9,99999,9,99,9,99,9",""
"02907099999","1901-01-01T00:00:00","4","64.3333333","23.4500000","5.0","KALAJOKI ULKOKALLA SHOWCASE, FI","FM-12","99999","V020","181,1,N,0070,1","99999,9,9,N","000250,1,N,1","-0070,1","-0095,1","10150,1","08,99,1,99,9,99,9,99999,9,99,9,99,9",""
"02950099999","1901-01-01T00:00:00","4","61.8000000","24.3000000","112.0","TAMPERE SHOWCASE, FI","FM-12","99999","V020","181,1,N,0050,1","99999,9,9,N","012000,1,N,1","-0050,1","-0075,1","10150,1","08,99,1,99,9,99,9,99999,9,99,9,99,9",""
"22707099999","1901-01-01T00:00:00","4","68.9500000","33.0500000","51.0","MURMANSK SHOWCASE, RU","FM-12","99999","V020","181,1,N,0060,1","99999,9,9,N","012000,1,N,1","-0160,1","-0185,1","10150,1","08,99,1,99,9,99,9,99999,9,99,9,99,9",""
"01001099999","1901-01-01T06:00:00","4","70.9333333","-8.6666667","10.0","JAN MAYEN SHOWCASE, NO","FM-12","99999","V020","181,1,N,0050,1","99999,9,9,N","012000,1,N,1","-0009,1","-0034,1","10150,1","08,99,1,99,9,99,9,99999,9,99,9,99,9",""
"02907099999","1901-01-01T06:00:00","4","64.3333333","23.4500000","5.0","KALAJOKI ULKOKALLA SHOWCASE, FI","FM-12","99999","V020","181,1,N,0220,1","99999,9,9,N","012000,1,N,1","-0069,1","-0094,1","10150,1","08,99,1,99,9,99,9,99999,9,99,9,99,9",""
"02950099999","1901-01-01T06:00:00","4","61.8000000","24.3000000","112.0","TAMPERE SHOWCASE, FI","FM-12","99999","V020","181,1,N,0050,1","99999,9,9,N","012000,1,N,1","-0049,1","-0074,1","10150,1","08,99,1,99,9,99,9,99999,9,99,9,99,9",""
"22707099999","1901-01-01T06:00:00","4","68.9500000","33.0500000","51.0","MURMANSK SHOWCASE, RU","FM-12","99999","V020","181,1,N,0060,1","99999,9,9,N","000300,1,N,1","-0159,1","-0184,1","10150,1","08,99,1,99,9,99,9,99999,9,99,9,99,9",""
"01001099999","1901-01-01T12:00:00","4","70.9333333","-8.6666667","10.0","JAN MAYEN SHOWCASE, NO","FM-12","99999","V020","181,1,N,0050,1","99999,9,9,N","012000,1,N,1","-0009,1","-0034,1","10150,1","08,99,1,99,9,99,9,99999,9,99,9,99,9",""
"02907099999","1901-01-01T12:00:00","4","64.3333333","23.4500000","5.0","KALAJOKI ULKOKALLA SHOWCASE, FI","FM-12","99999","V020","181,1,N,0050,1","99999,9,9,N","012000,1,N,1","-0067,1","-0092,1","10150,1","08,99,1,99,9,99,9,99999,9,99,9,99,9",""
"02950099999","1901-01-01T12:00:00","4","61.8000000","24.3000000","112.0","TAMPERE SHOWCASE, FI","FM-12","99999","V020","181,1,N,0050,1","99999,9,9,N","012000,1,N,1","-0047,1","-0072,1","10150,1","08,99,1,99,9,99,9,99999,9,99,9,99,9",""
"22707099999","1901-01-01T12:00:00","4","68.9500000","33.0500000","51.0","MURMANSK SHOWCASE, RU","FM-12","99999","V020","181,1,N,0050,1","99999,9,9,N","012000,1,N,1","-0158,1","-0183,1","10150,1","08,99,1,99,9,99,9,99999,9,99,9,99,9",""
"01001099999","1901-01-01T18:00:00","4","70.9333333","-8.6666667","10.0","JAN MAYEN SHOWCASE, NO","FM-12","99999","V020","181,1,N,0050,1","99999,9,9,N","012000,1,N,1","-0008,1","-0033,1","10150,1","08,99,1,99,9,99,9,99999,9,99,9,99,9",""
"02907099999","1901-01-01T18:00:00","4","64.3333333","23.4500000","5.0","KALAJOKI ULKOKALLA SHOWCASE, FI","FM-12","99999","V020","181,1,N,0220,1","99999,9,9,N","012000,1,N,1","-0066,1","-0091,1","10150,1","08,99,1,99,9,99,9,99999,9,99,9,99,9",""
"02950099999","1901-01-01T18:00:00","4","61.8000000","24.3000000","112.0","TAMPERE SHOWCASE, FI","FM-12","99999","V020","181,1,N,0050,1","99999,9,9,N","012000,1,N,1","-0046,1","-0071,1","10150,1","08,99,1,99,9,99,9,99999,9,99,9,99,9",""
"22707099999","1901-01-01T18:00:00","4","68.9500000","33.0500000","51.0","MURMANSK SHOWCASE, RU","FM-12","99999","V020","181,1,N,0210,1","99999,9,9,N","012000,1,N,1","-0157,1","-0182,1","10150,1","08,99,1,99,9,99,9,99999,9,99,9,99,9",""
"01001099999","1901-01-02T00:00:00","4","70.9333333","-8.6666667","10.0","JAN MAYEN SHOWCASE, NO","FM-12","99999","V020","182,1,N,0050,1","99999,9,9,N","012000,1,N,1","-0007,1","-0032,1","10150,1","08,99,1,99,9,99,9,99999,9,99,9,99,9",""
"02907099999","1901-01-02T00:00:00","4","64.3333333","23.4500000","5.0","KALAJOKI ULKOKALLA SHOWCASE, FI","FM-12","99999","V020","182,1,N,0070,1","99999,9,9,N","000250,1,N,1","-0065,1","-0090,1","10150,1","08,99,1,99,9,99,9,99999,9,99,9,99,9",""
"02950099999","1901-01-02T00:00:00","4","61.8000000","24.3000000","112.0","TAMPERE SHOWCASE, FI","FM-12","99999","V020","182,1,N,0050,1","99999,9,9,N","012000,1,N,1","-0044,1","-0069,1","10150,1","08,99,1,99,9,99,9,99999,9,99,9,99,9",""
"22707099999","1901-01-02T00:00:00","4","68.9500000","33.0500000","51.0","MURMANSK SHOWCASE, RU","FM-12","99999","V020","182,1,N,0060,1","99999,9,9,N","012000,1,N,1","-0157,1","-0182,1","10150,1","08,99,1,99,9,99,9,99999,9,99,9,99,9",""
"01001099999","1901-01-03T12:00:00","4","70.9333333","-8.6666667","10.0","JAN MAYEN SHOWCASE, NO","FM-12","99999","V020","183,1,N,0050,1","99999,9,9,N","012000,1,N,1","-0003,1","-0028,1","10149,1","08,99,1,99,9,99,9,99999,9,99,9,99,9",""
"02907099999","1901-01-03T12:00:00","4","64.3333333","23.4500000","5.0","KALAJOKI ULKOKALLA SHOWCASE, FI","FM-12","99999","V020","183,1,N,0050,1","99999,9,9,N","012000,1,N,1","-0057,1","-0082,1","10149,1","08,99,1,99,9,99,9,99999,9,99,9,99,9",""
"02950099999","1901-01-03T12:00:00","4","61.8000000","24.3000000","112.0","TAMPERE SHOWCASE, FI","FM-12","99999","V020","183,1,N,0050,1","99999,9,9,N","012000,1,N,1","-0036,1","-0061,1","10149,1","08,99,1,99,9,99,9,99999,9,99,9,99,9",""
"22707099999","1901-01-03T12:00:00","4","68.9500000","33.0500000","51.0","MURMANSK SHOWCASE, RU","FM-12","99999","V020","183,1,N,0050,1","99999,9,9,N","012000,1,N,1","-0151,1","-0176,1","10149,1","08,99,1,99,9,99,9,99999,9,99,9,99,9",""
"01001099999","1901-01-05T12:00:00","4","70.9333333","-8.6666667","10.0","JAN MAYEN SHOWCASE, NO","FM-12","99999","V020","185,1,N,0050,1","99999,9,9,N","012000,1,N,1","+0003,1","-0022,1","10149,1","08,99,1,99,9,99,9,99999,9,99,9,99,9",""
"02907099999","1901-01-05T12:00:00","4","64.3333333","23.4500000","5.0","KALAJOKI ULKOKALLA SHOWCASE, FI","FM-12","99999","V020","185,1,N,0050,1","99999,9,9,N","012000,1,N,1","-0047,1","-0072,1","10149,1","08,99,1,99,9,99,9,99999,9,99,9,99,9",""
"02950099999","1901-01-05T12:00:00","4","61.8000000","24.3000000","112.0","TAMPERE SHOWCASE, FI","FM-12","99999","V020","185,1,N,0050,1","99999,9,9,N","012000,1,N,1","-0024,1","-0049,1","10149,1","08,99,1,99,9,99,9,99999,9,99,9,99,9",""
"22707099999","1901-01-05T12:00:00","4","68.9500000","33.0500000","51.0","MURMANSK SHOWCASE, RU","FM-12","99999","V020","185,1,N,0050,1","99999,9,9,N","012000,1,N,1","-0145,1","-0170,1","10149,1","08,99,1,99,9,99,9,99999,9,99,9,99,9",""
"01001099999","1901-01-07T12:00:00","4","70.9333333","-8.6666667","10.0","JAN MAYEN SHOWCASE, NO","FM-12","99999","V020","187,1,N,0050,1","99999,9,9,N","012000,1,N,1","+0008,1","-0017,1","10148,1","08,99,1,99,9,99,9,99999,9,99,9,99,9",""
"02907099999","1901-01-07T12:00:00","4","64.3333333","23.4500000","5.0","KALAJOKI ULKOKALLA SHOWCASE, FI","FM-12","99999","V020","187,1,N,0050,1","99999,9,9,N","012000,1,N,1","-0037,1","-0062,1","10148,1","08,99,1,99,9,99,9,99999,9,99,9,99,9",""
"02950099999","1901-01-07T12:00:00","4","61.8000000","24.3000000","112.0","TAMPERE SHOWCASE, FI","FM-12","99999","V020","187,1,N,0050,1","99999,9,9,N","012000,1,N,1","-0013,1","-0038,1","10148,1","08,99,1,99,9,99,9,99999,9,99,9,99,9",""
"22707099999","1901-01-07T12:00:00","4","68.9500000","33.0500000","51.0","MURMANSK SHOWCASE, RU","FM-12","99999","V020","187,1,N,0050,1","99999,9,9,N","012000,1,N,1","-0138,1","-0163,1","10148,1","08,99,1,99,9,99,9,99999,9,99,9,99,9",""
"01001099999","1901-01-09T00:00:00","4","70.9333333","-8.6666667","10.0","JAN MAYEN SHOWCASE, NO","FM-12","99999","V020","189,1,N,0050,1","99999,9,9,N","012000,1,N,1","-0015,1","-0040,1","10148,1","08,99,1,99,9,99,9,99999,9,99,9,99,9",""
"02907099999","1901-01-09T00:00:00","4","64.3333333","23.4500000","5.0","KALAJOKI ULKOKALLA SHOWCASE, FI","FM-12","99999","V020","189,1,N,0050,1","99999,9,9,N","012000,1,N,1","-0056,1","-0081,1","10148,1","08,99,1,99,9,99,9,99999,9,99,9,99,9",""
"02950099999","1901-01-09T00:00:00","4","61.8000000","24.3000000","112.0","TAMPERE SHOWCASE, FI","FM-12","99999","V020","189,1,N,0050,1","99999,9,9,N","012000,1,N,1","-0030,1","-0055,1","10148,1","08,99,1,99,9,99,9,99999,9,99,9,99,9",""
"22707099999","1901-01-09T00:00:00","4","68.9500000","33.0500000","51.0","MURMANSK SHOWCASE, RU","FM-12","99999","V020","189,1,N,0050,1","99999,9,9,N","012000,1,N,1","-0160,1","-0185,1","10148,1","08,99,1,99,9,99,9,99999,9,99,9,99,9",""
"01001099999","1901-01-09T06:00:00","4","70.9333333","-8.6666667","10.0","JAN MAYEN SHOWCASE, NO","FM-12","99999","V020","189,1,N,0056,1","99999,9,9,N","012000,1,N,1","+0001,1","-0024,1","10148,1","08,99,1,99,9,99,9,99999,9,99,9,99,9",""
"02907099999","1901-01-09T06:00:00","4","64.3333333","23.4500000","5.0","KALAJOKI ULKOKALLA SHOWCASE, FI","FM-12","99999","V020","189,1,N,0056,1","99999,9,9,N","012000,1,N,1","-0040,1","-0065,1","10148,1","08,99,1,99,9,99,9,99999,9,99,9,99,9",""
"02950099999","1901-01-09T06:00:00","4","61.8000000","24.3000000","112.0","TAMPERE SHOWCASE, FI","FM-12","99999","V020","189,1,N,0056,1","99999,9,9,N","012000,1,N,1","-0014,1","-0039,1","10148,1","08,99,1,99,9,99,9,99999,9,99,9,99,9",""
"22707099999","1901-01-09T06:00:00","4","68.9500000","33.0500000","51.0","MURMANSK SHOWCASE, RU","FM-12","99999","V020","189,1,N,0056,1","99999,9,9,N","012000,1,N,1","-0144,1","-0169,1","10148,1","08,99,1,99,9,99,9,99999,9,99,9,99,9",""
"01001099999","1901-01-09T12:00:00","4","70.9333333","-8.6666667","10.0","JAN MAYEN SHOWCASE, NO","FM-12","99999","V020","189,1,N,0050,1","99999,9,9,N","012000,1,N,1","+0013,1","-0012,1","10148,1","08,99,1,99,9,99,9,99999,9,99,9,99,9",""
"02907099999","1901-01-09T12:00:00","4","64.3333333","23.4500000","5.0","KALAJOKI ULKOKALLA SHOWCASE, FI","FM-12","99999","V020","189,1,N,0050,1","99999,9,9,N","012000,1,N,1","-0028,1","-0053,1","10148,1","08,99,1,99,9,99,9,99999,9,99,9,99,9",""
"02950099999","1901-01-09T12:00:00","4","61.8000000","24.3000000","112.0","TAMPERE SHOWCASE, FI","FM-12","99999","V020","189,1,N,0050,1","99999,9,9,N","012000,1,N,1","-0002,1","-0027,1","10148,1","08,99,1,99,9,99,9,99999,9,99,9,99,9",""
"22707099999","1901-01-09T12:00:00","4","68.9500000","33.0500000","51.0","MURMANSK SHOWCASE, RU","FM-12","99999","V020","189,1,N,0050,1","99999,9,9,N","012000,1,N,1","-0132,1","-0157,1","10148,1","08,99,1,99,9,99,9,99999,9,99,9,99,9",""
"01001099999","1901-01-09T18:00:00","4","70.9333333","-8.6666667","10.0","JAN MAYEN SHOWCASE, NO","FM-12","99999","V020","189,1,N,0068,1","99999,9,9,N","012000,1,N,1","+0039,1","+0014,1","10148,1","08,99,1,99,9,99,9,99999,9,99,9,99,9",""
"02907099999","1901-01-09T18:00:00","4","64.3333333","23.4500000","5.0","KALAJOKI ULKOKALLA SHOWCASE, FI","FM-12","99999","V020","189,1,N,0068,1","99999,9,9,N","012000,1,N,1","-0002,1","-0027,1","10148,1","08,99,1,99,9,99,9,99999,9,99,9,99,9",""
"02950099999","1901-01-09T18:00:00","4","61.8000000","24.3000000","112.0","TAMPERE SHOWCASE, FI","FM-12","99999","V020","189,1,N,0068,1","99999,9,9,N","012000,1,N,1","+0024,1","-0001,1","10148,1","08,99,1,99,9,99,9,99999,9,99,9,99,9",""
"22707099999","1901-01-09T18:00:00","4","68.9500000","33.0500000","51.0","MURMANSK SHOWCASE, RU","FM-12","99999","V020","189,1,N,0068,1","99999,9,9,N","012000,1,N,1","-0106,1","-0131,1","10148,1","08,99,1,99,9,99,9,99999,9,99,9,99,9",""
"01001099999","1901-01-11T12:00:00","4","70.9333333","-8.6666667","10.0","JAN MAYEN SHOWCASE, NO","FM-12","99999","V020","191,1,N,0050,1","99999,9,9,N","012000,1,N,1","+0017,1","-0008,1","10147,1","08,99,1,99,9,99,9,99999,9,99,9,99,9",""
"02907099999","1901-01-11T12:00:00","4","64.3333333","23.4500000","5.0","KALAJOKI ULKOKALLA SHOWCASE, FI","FM-12","99999","V020","191,1,N,0050,1","99999,9,9,N","012000,1,N,1","-0020,1","-0045,1","10147,1","08,99,1,99,9,99,9,99999,9,99,9,99,9",""
"02950099999","1901-01-11T12:00:00","4","61.8000000","24.3000000","112.0","TAMPERE SHOWCASE, FI","FM-12","99999","V020","191,1,N,0050,1","99999,9,9,N","012000,1,N,1","+0009,1","-0016,1","10147,1","08,99,1,99,9,99,9,99999,9,99,9,99,9",""
"22707099999","1901-01-11T12:00:00","4","68.9500000","33.0500000","51.0","MURMANSK SHOWCASE, RU","FM-12","99999","V020","191,1,N,0050,1","99999,9,9,N","012000,1,N,1","-0126,1","-0151,1","10147,1","08,99,1,99,9,99,9,99999,9,99,9,99,9",""
"01001099999","1901-01-13T12:00:00","4","70.9333333","-8.6666667","10.0","JAN MAYEN SHOWCASE, NO","FM-12","99999","V020","193,1,N,0050,1","99999,9,9,N","012000,1,N,1","+0021,1","-0004,1","10146,1","08,99,1,99,9,99,9,99999,9,99,9,99,9",""
"02907099999","1901-01-13T12:00:00","4","64.3333333","23.4500000","5.0","KALAJOKI ULKOKALLA SHOWCASE, FI","FM-12","99999","V020","193,1,N,0050,1","99999,9,9,N","012000,1,N,1","-0013,1","-0038,1","10146,1","08,99,1,99,9,99,9,99999,9,99,9,99,9",""
"02950099999","1901-01-13T12:00:00","4","61.8000000","24.3000000","112.0","TAMPERE SHOWCASE, FI","FM-12","99999","V020","193,1,N,0050,1","99999,9,9,N","012000,1,N,1","+0019,1","-0006,1","10146,1","08,99,1,99,9,99,9,99999,9,99,9,99,9",""
"22707099999","1901-01-13T12:00:00","4","68.9500000","33.0500000","51.0","MURMANSK SHOWCASE, RU","FM-12","99999","V020","193,1,N,0050,1","99999,9,9,N","012000,1,N,1","-0120,1","-0145,1","10146,1","08,99,1,99,9,99,9,99999,9,99,9,99,9",""
"01001099999","1901-01-15T12:00:00","4","70.9333333","-8.6666667","10.0","JAN MAYEN SHOWCASE, NO","FM-12","99999","V020","195,1,N,0050,1","99999,9,9,N","012000,1,N,1","+0024,1","-0001,1","10146,1","08,99,1,99,9,99,9,99999,9,99,9,99,9",""
"02907099999","1901-01-15T12:00:00","4","64.3333333","23.4500000","5.0","KALAJOKI ULKOKALLA SHOWCASE, FI","FM-12","99999","V020","195,1,N,0050,1","99999,9,9,N","012000,1,N,1","-0006,1","-0031,1","10146,1","08,99,1,99,9,99,9,99999,9,99,9,99,9",""
"02950099999","1901-01-15T12:00:00","4","61.8000000","24.3000000","112.0","TAMPERE SHOWCASE, FI","FM-12","99999","V020","195,1,N,0050,1","99999,9,9,N","012000,1,N,1","+0029,1","+0004,1","10146,1","08,99,1,99,9,99,9,99999,9,99,9,99,9",""
"22707099999","1901-01-15T12:00:00","4","68.9500000","33.0500000","51.0","MURMANSK SHOWCASE, RU","FM-12","99999","V020","195,1,N,0050,1","99999,9,9,N","012000,1,N,1","-0115,1","-0140,1","10146,1","08,99,1,99,9,99,9,99999,9,99,9,99,9",""
"01001099999","1901-01-16T06:00:00","4","70.9333333","-8.6666667","10.0","JAN MAYEN SHOWCASE, NO","FM-12","99999","V020","196,1,N,0050,1","99999,9,9,N","012000,1,N,1","+0010,1","-0015,1","10150,1","08,99,1,99,9,99,9,99999,9,99,9,99,9",""
"02950099999","1901-01-16T06:00:00","4","61.8000000","24.3000000","112.0","TAMPERE SHOWCASE, FI","FM-12","99999","V020","196,1,N,0050,1","99999,9,9,N","012000,1,N,1","+0044,1","+0019,1","10150,1","08,99,1,99,9,99,9,99999,9,99,9,99,9",""
"01001099999","1901-01-16T06:10:00","4","70.9333333","-8.6666667","10.0","JAN MAYEN SHOWCASE, NO","FM-12","99999","V020","196,1,N,0050,1","99999,9,9,N","012000,1,N,1","+0000,3","-0025,1","10150,1","08,99,1,99,9,99,9,99999,9,99,9,99,9",""
"02950099999","1901-01-16T06:10:00","4","61.8000000","24.3000000","112.0","TAMPERE SHOWCASE, FI","FM-12","99999","V020","196,1,N,0050,1","99999,9,9,N","012000,1,N,1","+0050,3","+0025,1","10150,1","08,99,1,99,9,99,9,99999,9,99,9,99,9",""
"01001099999","1901-01-16T06:20:00","4","70.9333333","-8.6666667","10.0","JAN MAYEN SHOWCASE, NO","FM-12","99999","V020","196,1,N,0050,1","99999,9,9,N","012000,1,N,1","+0005,3","-0020,1","10150,1","08,99,1,99,9,99,9,99999,9,99,9,99,9",""
"02950099999","1901-01-16T06:20:00","4","61.8000000","24.3000000","112.0","TAMPERE SHOWCASE, FI","FM-12","99999","V020","196,1,N,0050,1","99999,9,9,N","012000,1,N,1","+0055,3","+0030,1","10150,1","08,99,1,99,9,99,9,99999,9,99,9,99,9",""
"01001099999","1901-01-16T06:30:00","4","70.9333333","-8.6666667","10.0","JAN MAYEN SHOWCASE, NO","FM-12","99999","V020","196,1,N,0050,1","99999,9,9,N","012000,1,N,1","+0010,3","-0015,1","10150,1","08,99,1,99,9,99,9,99999,9,99,9,99,9",""
"02950099999","1901-01-16T06:30:00","4","61.8000000","24.3000000","112.0","TAMPERE SHOWCASE, FI","FM-12","99999","V020","196,1,N,0050,1","99999,9,9,N","012000,1,N,1","+0060,3","+0035,1","10150,1","08,99,1,99,9,99,9,99999,9,99,9,99,9",""
"01001099999","1901-01-16T06:40:00","4","70.9333333","-8.6666667","10.0","JAN MAYEN SHOWCASE, NO","FM-12","99999","V020","196,1,N,0050,1","99999,9,9,N","012000,1,N,1","+0015,3","-0010,1","10150,1","08,99,1,99,9,99,9,99999,9,99,9,99,9",""
"02950099999","1901-01-16T06:40:00","4","61.8000000","24.3000000","112.0","TAMPERE SHOWCASE, FI","FM-12","99999","V020","196,1,N,0050,1","99999,9,9,N","012000,1,N,1","+0062,3","+0037,1","10150,1","08,99,1,99,9,99,9,99999,9,99,9,99,9",""
"01001099999","1901-01-16T06:50:00","4","70.9333333","-8.6666667","10.0","JAN MAYEN SHOWCASE, NO","FM-12","99999","V020","196,1,N,0050,1","99999,9,9,N","012000,1,N,1","+0020,3","-0005,1","10150,1","08,99,1,99,9,99,9,99999,9,99,9,99,9",""
"02950099999","1901-01-16T06:50:00","4","61.8000000","24.3000000","112.0","TAMPERE SHOWCASE, FI","FM-12","99999","V020","196,1,N,0050,1","99999,9,9,N","012000,1,N,1","+0065,3","+0040,1","10150,1","08,99,1,99,9,99,9,99999,9,99,9,99,9",""
"01001099999","1901-01-16T07:20:00","4","70.9333333","-8.6666667","10.0","JAN MAYEN SHOWCASE, NO","FM-12","99999","V020","196,1,N,0050,1","99999,9,9,N","012000,1,N,1","+0030,1","+0005,1","10150,1","08,99,1,99,9,99,9,99999,9,99,9,99,9",""
"02950099999","1901-01-16T07:20:00","4","61.8000000","24.3000000","112.0","TAMPERE SHOWCASE, FI","FM-12","99999","V020","196,1,N,0050,1","99999,9,9,N","012000,1,N,1","+0075,1","+0050,1","10150,1","08,99,1,99,9,99,9,99999,9,99,9,99,9",""
"01001099999","1901-01-17T00:00:00","4","70.9333333","-8.6666667","10.0","JAN MAYEN SHOWCASE, NO","FM-12","99999","V020","197,1,N,0050,1","99999,9,9,N","012000,1,N,1","-0001,1","-0026,1","10145,1","08,99,1,99,9,99,9,99999,9,99,9,99,9",""
"02907099999","1901-01-17T00:00:00","4","64.3333333","23.4500000","5.0","KALAJOKI ULKOKALLA SHOWCASE, FI","FM-12","99999","V020","197,1,N,0050,1","99999,9,9,N","012000,1,N,1","-0029,1","-0054,1","10145,1","08,99,1,99,9,99,9,99999,9,99,9,99,9",""
"02950099999","1901-01-17T00:00:00","4","61.8000000","24.3000000","112.0","TAMPERE SHOWCASE, FI","FM-12","99999","V020","197,1,N,0050,1","99999,9,9,N","012000,1,N,1","+0011,1","-0014,1","10145,1","08,99,1,99,9,99,9,99999,9,99,9,99,9",""
"22707099999","1901-01-17T00:00:00","4","68.9500000","33.0500000","51.0","MURMANSK SHOWCASE, RU","FM-12","99999","V020","197,1,N,0050,1","99999,9,9,N","012000,1,N,1","-0139,1","-0164,1","10145,1","08,99,1,99,9,99,9,99999,9,99,9,99,9",""
"01001099999","1901-01-17T06:00:00","4","70.9333333","-8.6666667","10.0","JAN MAYEN SHOWCASE, NO","FM-12","99999","V020","197,1,N,0056,1","99999,9,9,N","012000,1,N,1","+0015,1","-0010,1","10145,1","08,99,1,99,9,99,9,99999,9,99,9,99,9",""
"02907099999","1901-01-17T06:00:00","4","64.3333333","23.4500000","5.0","KALAJOKI ULKOKALLA SHOWCASE, FI","FM-12","99999","V020","197,1,N,0056,1","99999,9,9,N","012000,1,N,1","-0013,1","-0038,1","10145,1","08,99,1,99,9,99,9,99999,9,99,9,99,9",""
"02950099999","1901-01-17T06:00:00","4","61.8000000","24.3000000","112.0","TAMPERE SHOWCASE, FI","FM-12","99999","V020","197,1,N,0056,1","99999,9,9,N","012000,1,N,1","+0027,1","+0002,1","10145,1","08,99,1,99,9,99,9,99999,9,99,9,99,9",""
"22707099999","1901-01-17T06:00:00","4","68.9500000","33.0500000","51.0","MURMANSK SHOWCASE, RU","FM-12","99999","V020","197,1,N,0056,1","99999,9,9,N","012000,1,N,1","-0123,1","-0148,1","10145,1","08,99,1,99,9,99,9,99999,9,99,9,99,9",""
"01001099999","1901-01-17T12:00:00","4","70.9333333","-8.6666667","10.0","JAN MAYEN SHOWCASE, NO","FM-12","99999","V020","197,1,N,0050,1","99999,9,9,N","012000,1,N,1","+0027,1","+0002,1","10145,1","08,99,1,99,9,99,9,99999,9,99,9,99,9",""
"02907099999","1901-01-17T12:00:00","4","64.3333333","23.4500000","5.0","KALAJOKI ULKOKALLA SHOWCASE, FI","FM-12","99999","V020","197,1,N,0050,1","99999,9,9,N","012000,1,N,1","-0001,1","-0026,1","10145,1","08,99,1,99,9,99,9,99999,9,99,9,99,9",""
"02950099999","1901-01-17T12:00:00","4","61.8000000","24.3000000","112.0","TAMPERE SHOWCASE, FI","FM-12","99999","V020","197,1,N,0050,1","99999,9,9,N","012000,1,N,1","+0039,1","+0014,1","10145,1","08,99,1,99,9,99,9,99999,9,99,9,99,9",""
"22707099999","1901-01-17T12:00:00","4","68.9500000","33.0500000","51.0","MURMANSK SHOWCASE, RU","FM-12","99999","V020","197,1,N,0050,1","99999,9,9,N","012000,1,N,1","-0111,1","-0136,1","10145,1","08,99,1,99,9,99,9,99999,9,99,9,99,9",""
"01001099999","1901-01-17T18:00:00","4","70.9333333","-8.6666667","10.0","JAN MAYEN SHOWCASE, NO","FM-12","99999","V020","197,1,N,0068,1","99999,9,9,N","012000,1,N,1","+0053,1","+0028,1","10145,1","08,99,1,99,9,99,9,99999,9,99,9,99,9",""
"02907099999","1901-01-17T18:00:00","4","64.3333333","23.4500000","5.0","KALAJOKI ULKOKALLA SHOWCASE, FI","FM-12","99999","V020","197,1,N,0068,1","99999,9,9,N","012000,1,N,1","+0025,1","+0000,1","10145,1","08,99,1,99,9,99,9,99999,9,99,9,99,9",""
"02950099999","1901-01-17T18:00:00","4","61.8000000","24.3000000","112.0","TAMPERE SHOWCASE, FI","FM-12","99999","V020","197,1,N,0068,1","99999,9,9,N","012000,1,N,1","+0065,1","+0040,1","10145,1","08,99,1,99,9,99,9,99999,9,99,9,99,9",""
"22707099999","1901-01-17T18:00:00","4","68.9500000","33.0500000","51.0","MURMANSK SHOWCASE, RU","FM-12","99999","V020","197,1,N,0068,1","99999,9,9,N","012000,1,N,1","-0085,1","-0110,1","10145,1","08,99,1,99,9,99,9,99999,9,99,9,99,9",""
"01001099999","1901-01-19T12:00:00","4","70.9333333","-8.6666667","10.0","JAN MAYEN SHOWCASE, NO","FM-12","99999","V020","199,1,N,0050,1","99999,9,9,N","012000,1,N,1","+0029,1","+0004,1","10145,1","08,99,1,99,9,99,9,99999,9,99,9,99,9",""
"02907099999","1901-01-19T12:00:00","4","64.3333333","23.4500000","5.0","KALAJOKI ULKOKALLA SHOWCASE, FI","FM-12","99999","V020","199,1,N,0050,1","99999,9,9,N","012000,1,N,1","+0004,1","-0021,1","10145,1","08,99,1,99,9,99,9,99999,9,99,9,99,9",""
"02950099999","1901-01-19T12:00:00","4","61.8000000","24.3000000","112.0","TAMPERE SHOWCASE, FI","FM-12","99999","V020","199,1,N,0050,1","99999,9,9,N","012000,1,N,1","+0048,1","+0023,1","10145,1","08,99,1,99,9,99,9,99999,9,99,9,99,9",""
"22707099999","1901-01-19T12:00:00","4","68.9500000","33.0500000","51.0","MURMANSK SHOWCASE, RU","FM-12","99999","V020","199,1,N,0050,1","99999,9,9,N","012000,1,N,1","-0107,1","-0132,1","10145,1","08,99,1,99,9,99,9,99999,9,99,9,99,9",""
"01001099999","1901-01-21T12:00:00","4","70.9333333","-8.6666667","10.0","JAN MAYEN SHOWCASE, NO","FM-12","99999","V020","201,1,N,0050,1","99999,9,9,N","012000,1,N,1","+0030,1","+0005,1","10144,1","08,99,1,99,9,99,9,99999,9,99,9,99,9",""
"02907099999","1901-01-21T12:00:00","4","64.3333333","23.4500000","5.0","KALAJOKI ULKOKALLA SHOWCASE, FI","FM-12","99999","V020","201,1,N,0050,1","99999,9,9,N","012000,1,N,1","+0008,1","-0017,1","10144,1","08,99,1,99,9,99,9,99999,9,99,9,99,9",""
"02950099999","1901-01-21T12:00:00","4","61.8000000","24.3000000","112.0","TAMPERE SHOWCASE, FI","FM-12","99999","V020","201,1,N,0050,1","99999,9,9,N","012000,1,N,1","+0057,1","+0032,1","10144,1","08,99,1,99,9,99,9,99999,9,99,9,99,9",""
"22707099999","1901-01-21T12:00:00","4","68.9500000","33.0500000","51.0","MURMANSK SHOWCASE, RU","FM-12","99999","V020","201,1,N,0050,1","99999,9,9,N","012000,1,N,1","-0103,1","-0128,1","10144,1","08,99,1,99,9,99,9,99999,9,99,9,99,9",""
"01001099999","1901-01-23T12:00:00","4","70.9333333","-8.6666667","10.0","JAN MAYEN SHOWCASE, NO","FM-12","99999","V020","203,1,N,0050,1","99999,9,9,N","012000,1,N,1","+0030,1","+0005,1","10143,1","08,99,1,99,9,99,9,99999,9,99,9,99,9",""
"02907099999","1901-01-23T12:00:00","4","64.3333333","23.4500000","5.0","KALAJOKI ULKOKALLA SHOWCASE, FI","FM-12","99999","V020","203,1,N,0050,1","99999,9,9,N","012000,1,N,1","+0011,1","-0014,1","10143,1","08,99,1,99,9,99,9,99999,9,99,9,99,9",""
"02950099999","1901-01-23T12:00:00","4","61.8000000","24.3000000","112.0","TAMPERE SHOWCASE, FI","FM-12","99999","V020","203,1,N,0050,1","99999,9,9,N","012000,1,N,1","+0065,1","+0040,1","10143,1","08,99,1,99,9,99,9,99999,9,99,9,99,9",""
"22707099999","1901-01-23T12:00:00","4","68.9500000","33.0500000","51.0","MURMANSK SHOWCASE, RU","FM-12","99999","V020","203,1,N,0050,1","99999,9,9,N","012000,1,N,1","-0100,1","-0125,1","10143,1","08,99,1,99,9,99,9,99999,9,99,9,99,9",""
"02907099999","1901-01-24T09:00:00","4","64.3333333","23.4500000","5.0","KALAJOKI ULKOKALLA SHOWCASE, FI","FM-12","99999","V020","204,1,N,0050,1","99999,9,9,N","000150,1,N,1","+0013,1","-0012,1","10150,1","08,99,1,99,9,99,9,99999,9,99,9,99,9",""
"02907099999","1901-01-24T10:00:00","4","64.3333333","23.4500000","5.0","KALAJOKI ULKOKALLA SHOWCASE, FI","FM-12","99999","V020","204,1,N,0050,1","99999,9,9,N","000150,1,N,1","+0013,1","-0012,1","10150,1","08,99,1,99,9,99,9,99999,9,99,9,99,9",""
"02907099999","1901-01-24T12:00:00","4","64.3333333","23.4500000","5.0","KALAJOKI ULKOKALLA SHOWCASE, FI","FM-12","99999","V020","204,1,N,0050,1","99999,9,9,N","012000,1,N,1","+0013,1","-0012,1","10150,1","08,99,1,99,9,99,9,99999,9,99,9,99,9",""
"01001099999","1901-01-25T00:00:00","4","70.9333333","-8.6666667","10.0","JAN MAYEN SHOWCASE, NO","FM-12","99999","V020","205,1,N,0050,1","99999,9,9,N","012000,1,N,1","+0001,1","-0024,1","10143,1","08,99,1,99,9,99,9,99999,9,99,9,99,9",""
"02907099999","1901-01-25T00:00:00","4","64.3333333","23.4500000","5.0","KALAJOKI ULKOKALLA SHOWCASE, FI","FM-12","99999","V020","205,1,N,0050,1","99999,9,9,N","012000,1,N,1","-0014,1","-0039,1","10143,1","08,99,1,99,9,99,9,99999,9,99,9,99,9",""
"02950099999","1901-01-25T00:00:00","4","61.8000000","24.3000000","112.0","TAMPERE SHOWCASE, FI","FM-12","99999","V020","205,1,N,0050,1","99999,9,9,N","012000,1,N,1","+0045,1","+0020,1","10143,1","08,99,1,99,9,99,9,99999,9,99,9,99,9",""
"22707099999","1901-01-25T00:00:00","4","68.9500000","33.0500000","51.0","MURMANSK SHOWCASE, RU","FM-12","99999","V020","205,1,N,0050,1","99999,9,9,N","012000,1,N,1","-0126,1","-0151,1","10143,1","08,99,1,99,9,99,9,99999,9,99,9,99,9",""
"01001099999","1901-01-25T06:00:00","4","70.9333333","-8.6666667","10.0","JAN MAYEN SHOWCASE, NO","FM-12","99999","V020","205,1,N,0056,1","99999,9,9,N","012000,1,N,1","+0017,1","-0008,1","10143,1","08,99,1,99,9,99,9,99999,9,99,9,99,9",""
"02907099999","1901-01-25T06:00:00","4","64.3333333","23.4500000","5.0","KALAJOKI ULKOKALLA SHOWCASE, FI","FM-12","99999","V020","205,1,N,0056,1","99999,9,9,N","012000,1,N,1","+0002,1","-0023,1","10143,1","08,99,1,99,9,99,9,99999,9,99,9,99,9",""
"02950099999","1901-01-25T06:00:00","4","61.8000000","24.3000000","112.0","TAMPERE SHOWCASE, FI","FM-12","99999","V020","205,1,N,0056,1","99999,9,9,N","012000,1,N,1","+0061,1","+0036,1","10143,1","08,99,1,99,9,99,9,99999,9,99,9,99,9",""
"22707099999","1901-01-25T06:00:00","4","68.9500000","33.0500000","51.0","MURMANSK SHOWCASE, RU","FM-12","99999","V020","205,1,N,0056,1","99999,9,9,N","012000,1,N,1","-0110,1","-0135,1","10143,1","08,99,1,99,9,99,9,99999,9,99,9,99,9",""
"01001099999","1901-01-25T12:00:00","4","70.9333333","-8.6666667","10.0","JAN MAYEN SHOWCASE, NO","FM-12","99999","V020","205,1,N,0050,1","99999,9,9,N","012000,1,N,1","+0029,1","+0004,1","10143,1","08,99,1,99,9,99,9,99999,9,99,9,99,9",""
"02907099999","1901-01-25T12:00:00","4","64.3333333","23.4500000","5.0","KALAJOKI ULKOKALLA SHOWCASE, FI","FM-12","99999","V020","205,1,N,0050,1","99999,9,9,N","012000,1,N,1","+0014,1","-0011,1","10143,1","08,99,1,99,9,99,9,99999,9,99,9,99,9",""
"02950099999","1901-01-25T12:00:00","4","61.8000000","24.3000000","112.0","TAMPERE SHOWCASE, FI","FM-12","99999","V020","205,1,N,0050,1","99999,9,9,N","012000,1,N,1","+0073,1","+0048,1","10143,1","08,99,1,99,9,99,9,99999,9,99,9,99,9",""
"22707099999","1901-01-25T12:00:00","4","68.9500000","33.0500000","51.0","MURMANSK SHOWCASE, RU","FM-12","99999","V020","205,1,N,0050,1","99999,9,9,N","012000,1,N,1","-0098,1","-0123,1","10143,1","08,99,1,99,9,99,9,99999,9,99,9,99,9",""
"01001099999","1901-01-25T18:00:00","4","70.9333333","-8.6666667","10.0","JAN MAYEN SHOWCASE, NO","FM-12","99999","V020","205,1,N,0068,1","99999,9,9,N","012000,1,N,1","+0055,1","+0030,1","10143,1","08,99,1,99,9,99,9,99999,9,99,9,99,9",""
"02907099999","1901-01-25T18:00:00","4","64.3333333","23.4500000","5.0","KALAJOKI ULKOKALLA SHOWCASE, FI","FM-12","99999","V020","205,1,N,0068,1","99999,9,9,N","012000,1,N,1","+0040,1","+0015,1","10143,1","08,99,1,99,9,99,9,99999,9,99,9,99,9",""
"02950099999","1901-01-25T18:00:00","4","61.8000000","24.3000000","112.0","TAMPERE SHOWCASE, FI","FM-12","99999","V020","205,1,N,0068,1","99999,9,9,N","012000,1,N,1","+0099,1","+0074,1","10143,1","08,99,1,99,9,99,9,99999,9,99,9,99,9",""
"22707099999","1901-01-25T18:00:00","4","68.9500000","33.0500000","51.0","MURMANSK SHOWCASE, RU","FM-12","99999","V020","205,1,N,0068,1","99999,9,9,N","012000,1,N,1","-0072,1","-0097,1","10143,1","08,99,1,99,9,99,9,99999,9,99,9,99,9",""
"01001099999","1901-01-27T12:00:00","4","70.9333333","-8.6666667","10.0","JAN MAYEN SHOWCASE, NO","FM-12","99999","V020","207,1,N,0050,1","99999,9,9,N","012000,1,N,1","+0028,1","+0003,1","10142,1","08,99,1,99,9,99,9,99999,9,99,9,99,9",""
"02907099999","1901-01-27T12:00:00","4","64.3333333","23.4500000","5.0","KALAJOKI ULKOKALLA SHOWCASE, FI","FM-12","99999","V020","207,1,N,0050,1","99999,9,9,N","012000,1,N,1","+0018,1","-0007,1","10142,1","08,99,1,99,9,99,9,99999,9,99,9,99,9",""
"02950099999","1901-01-27T12:00:00","4","61.8000000","24.3000000","112.0","TAMPERE SHOWCASE, FI","FM-12","99999","V020","207,1,N,0050,1","99999,9,9,N","012000,1,N,1","+0080,1","+0055,1","10142,1","08,99,1,99,9,99,9,99999,9,99,9,99,9",""
"22707099999","1901-01-27T12:00:00","4","68.9500000","33.0500000","51.0","MURMANSK SHOWCASE, RU","FM-12","99999","V020","207,1,N,0050,1","99999,9,9,N","012000,1,N,1","-0096,1","-0121,1","10142,1","08,99,1,99,9,99,9,99999,9,99,9,99,9",""
"01001099999","1901-01-29T12:00:00","4","70.9333333","-8.6666667","10.0","JAN MAYEN SHOWCASE, NO","FM-12","99999","V020","209,1,N,0050,1","99999,9,9,N","012000,1,N,1","+0026,1","+0001,1","10142,1","08,99,1,99,9,99,9,99999,9,99,9,99,9",""
"02907099999","1901-01-29T12:00:00","4","64.3333333","23.4500000","5.0","KALAJOKI ULKOKALLA SHOWCASE, FI","FM-12","99999","V020","209,1,N,0050,1","99999,9,9,N","012000,1,N,1","+0021,1","-0004,1","10142,1","08,99,1,99,9,99,9,99999,9,99,9,99,9",""
"02950099999","1901-01-29T12:00:00","4","61.8000000","24.3000000","112.0","TAMPERE SHOWCASE, FI","FM-12","99999","V020","209,1,N,0050,1","99999,9,9,N","012000,1,N,1","+0086,1","+0061,1","10142,1","08,99,1,99,9,99,9,99999,9,99,9,99,9",""
"22707099999","1901-01-29T12:00:00","4","68.9500000","33.0500000","51.0","MURMANSK SHOWCASE, RU","FM-12","99999","V020","209,1,N,0050,1","99999,9,9,N","012000,1,N,1","-0095,1","-0120,1","10142,1","08,99,1,99,9,99,9,99999,9,99,9,99,9",""
"01001099999","1901-01-31T12:00:00","4","70.9333333","-8.6666667","10.0","JAN MAYEN SHOWCASE, NO","FM-12","99999","V020","211,1,N,0050,1","99999,9,9,N","012000,1,N,1","+0023,1","-0002,1","10141,1","08,99,1,99,9,99,9,99999,9,99,9,99,9",""
"02907099999","1901-01-31T12:00:00","4","64.3333333","23.4500000","5.0","KALAJOKI ULKOKALLA SHOWCASE, FI","FM-12","99999","V020","211,1,N,0050,1","99999,9,9,N","012000,1,N,1","+0024,1","-0001,1","10141,1","08,99,1,99,9,99,9,99999,9,99,9,99,9",""
"02950099999","1901-01-31T12:00:00","4","61.8000000","24.3000000","112.0","TAMPERE SHOWCASE, FI","FM-12","99999","V020","211,1,N,0050,1","99999,9,9,N","012000,1,N,1","+0092,1","+0067,1","10141,1","08,99,1,99,9,99,9,99999,9,99,9,99,9",""
"22707099999","1901-01-31T12:00:00","4","68.9500000","33.0500000","51.0","MURMANSK SHOWCASE, RU","FM-12","99999","V020","211,1,N,0050,1","99999,9,9,N","012000,1,N,1","-0094,1","-0119,1","10141,1","08,99,1,99,9,99,9,99999,9,99,9,99,9",""
"01001099999","1901-02-02T12:00:00","4","70.9333333","-8.6666667","10.0","JAN MAYEN SHOWCASE, NO","FM-12","99999","V020","182,1,N,0050,1","99999,9,9,N","012000,1,N,1","+0019,1","-0006,1","10140,1","08,99,1,99,9,99,9,99999,9,99,9,99,9",""
"02907099999","1901-02-02T12:00:00","4","64.3333333","23.4500000","5.0","KALAJOKI ULKOKALLA SHOWCASE, FI","FM-12","99999","V020","182,1,N,0050,1","99999,9,9,N","012000,1,N,1","+0029,1","+0004,1","10140,1","08,99,1,99,9,99,9,99999,9,99,9,99,9",""
"02950099999","1901-02-02T12:00:00","4","61.8000000","24.3000000","112.0","TAMPERE SHOWCASE, FI","FM-12","99999","V020","182,1,N,0050,1","99999,9,9,N","012000,1,N,1","+0097,1","+0072,1","10140,1","08,99,1,99,9,99,9,99999,9,99,9,99,9",""
"22707099999","1901-02-02T12:00:00","4","68.9500000","33.0500000","51.0","MURMANSK SHOWCASE, RU","FM-12","99999","V020","182,1,N,0050,1","99999,9,9,N","012000,1,N,1","-0093,1","-0118,1","10140,1","08,99,1,99,9,99,9,99999,9,99,9,99,9",""
"01001099999","1901-02-04T12:00:00","4","70.9333333","-8.6666667","10.0","JAN MAYEN SHOWCASE, NO","FM-12","99999","V020","184,1,N,0050,1","99999,9,9,N","012000,1,N,1","+0015,1","-0010,1","10140,1","08,99,1,99,9,99,9,99999,9,99,9,99,9",""
"02907099999","1901-02-04T12:00:00","4","64.3333333","23.4500000","5.0","KALAJOKI ULKOKALLA SHOWCASE, FI","FM-12","99999","V020","184,1,N,0050,1","99999,9,9,N","012000,1,N,1","+0033,1","+0008,1","10140,1","08,99,1,99,9,99,9,99999,9,99,9,99,9",""
"02950099999","1901-02-04T12:00:00","4","61.8000000","24.3000000","112.0","TAMPERE SHOWCASE, FI","FM-12","99999","V020","184,1,N,0050,1","99999,9,9,N","012000,1,N,1","+0101,1","+0076,1","10140,1","08,99,1,99,9,99,9,99999,9,99,9,99,9",""
"22707099999","1901-02-04T12:00:00","4","68.9500000","33.0500000","51.0","MURMANSK SHOWCASE, RU","FM-12","99999","V020","184,1,N,0050,1","99999,9,9,N","012000,1,N,1","-0093,1","-0118,1","10140,1","08,99,1,99,9,99,9,99999,9,99,9,99,9",""
"01001099999","1901-02-06T12:00:00","4","70.9333333","-8.6666667","10.0","JAN MAYEN SHOWCASE, NO","FM-12","99999","V020","186,1,N,0050,1","99999,9,9,N","012000,1,N,1","+0010,1","-0015,1","10139,1","08,99,1,99,9,99,9,99999,9,99,9,99,9",""
"02907099999","1901-02-06T12:00:00","4","64.3333333","23.4500000","5.0","KALAJOKI ULKOKALLA SHOWCASE, FI","FM-12","99999","V020","186,1,N,0050,1","99999,9,9,N","012000,1,N,1","+0039,1","+0014,1","10139,1","08,99,1,99,9,99,9,99999,9,99,9,99,9",""
"02950099999","1901-02-06T12:00:00","4","61.8000000","24.3000000","112.0","TAMPERE SHOWCASE, FI","FM-12","99999","V020","186,1,N,0050,1","99999,9,9,N","012000,1,N,1","+0104,1","+0079,1","10139,1","08,99,1,99,9,99,9,99999,9,99,9,99,9",""
"22707099999","1901-02-06T12:00:00","4","68.9500000","33.0500000","51.0","MURMANSK SHOWCASE, RU","FM-12","99999","V020","186,1,N,0050,1","99999,9,9,N","012000,1,N,1","-0092,1","-0117,1","10139,1","08,99,1,99,9,99,9,99999,9,99,9,99,9",""
"01001099999","1901-02-08T12:00:00","4","70.9333333","-8.6666667","10.0","JAN MAYEN SHOWCASE, NO","FM-12","99999","V020","188,1,N,0050,1","99999,9,9,N","012000,1,N,1","+0005,1","-0020,1","10139,1","08,99,1,99,9,99,9,99999,9,99,9,99,9",""
"02907099999","1901-02-08T12:00:00","4","64.3333333","23.4500000","5.0","KALAJOKI ULKOKALLA SHOWCASE, FI","FM-12","99999","V020","188,1,N,0050,1","99999,9,9,N","012000,1,N,1","+0046,1","+0021,1","10139,1","08,99,1,99,9,99,9,99999,9,99,9,99,9",""
"02950099999","1901-02-08T12:00:00","4","61.8000000","24.3000000","112.0","TAMPERE SHOWCASE, FI","FM-12","99999","V020","188,1,N,0050,1","99999,9,9,N","012000,1,N,1","+0107,1","+0082,1","10139,1","08,99,1,99,9,99,9,99999,9,99,9,99,9",""
"22707099999","1901-02-08T12:00:00","4","68.9500000","33.0500000","51.0","MURMANSK SHOWCASE, RU","FM-12","99999","V020","188,1,N,0050,1","99999,9,9,N","012000,1,N,1","-0092,1","-0117,1","10139,1","08,99,1,99,9,99,9,99999,9,99,9,99,9",""
"01001099999","1901-02-10T12:00:00","4","70.9333333","-8.6666667","10.0","JAN MAYEN SHOWCASE, NO","FM-12","99999","V020","190,1,N,0050,1","99999,9,9,N","012000,1,N,1","+0000,1","-0025,1","10138,1","08,99,1,99,9,99,9,99999,9,99,9,99,9",""
"02907099999","1901-02-10T12:00:00","4","64.3333333","23.4500000","5.0","KALAJOKI ULKOKALLA SHOWCASE, FI","FM-12","99999","V020","190,1,N,0050,1","99999,9,9,N","012000,1,N,1","+0054,1","+0029,1","10138,1","08,99,1,99,9,99,9,99999,9,99,9,99,9",""
"02950099999","1901-02-10T12:00:00","4","61.8000000","24.3000000","112.0","TAMPERE SHOWCASE, FI","FM-12","99999","V020","190,1,N,0050,1","99999,9,9,N","012000,1,N,1","+0109,1","+0084,1","10138,1","08,99,1,99,9,99,9,99999,9,99,9,99,9",""
"22707099999","1901-02-10T12:00:00","4","68.9500000","33.0500000","51.0","MURMANSK SHOWCASE, RU","FM-12","99999","V020","190,1,N,0050,1","99999,9,9,N","012000,1,N,1","-0092,1","-0117,1","10138,1","08,99,1,99,9,99,9,99999,9,99,9,99,9",""
"02950099999","1901-02-12T09:00:00","4","61.8000000","24.3000000","112.0","TAMPERE SHOWCASE, FI","FM-12","99999","V020","192,1,N,0050,1","99999,9,9,N","012000,1,N,1","+0100,1","+0075,1","10150,1","08,99,1,99,9,99,9,99999,9,99,9,99,9",""
"22707099999","1901-02-12T09:00:00","4","68.9500000","33.0500000","51.0","MURMANSK SHOWCASE, RU","FM-12","99999","V020","192,1,N,0050,1","99999,9,9,N","012000,1,N,1","-0070,1","-0095,1","10150,1","08,99,1,99,9,99,9,99999,9,99,9,99,9",""
"02950099999","1901-02-12T09:10:00","4","61.8000000","24.3000000","112.0","TAMPERE SHOWCASE, FI","FM-12","99999","V020","192,1,N,0050,1","99999,9,9,N","012000,1,N,1","+0106,3","+0081,1","10150,1","08,99,1,99,9,99,9,99999,9,99,9,99,9",""
"22707099999","1901-02-12T09:10:00","4","68.9500000","33.0500000","51.0","MURMANSK SHOWCASE, RU","FM-12","99999","V020","192,1,N,0050,1","99999,9,9,N","012000,1,N,1","-0065,3","-0090,1","10150,1","08,99,1,99,9,99,9,99999,9,99,9,99,9",""
"02950099999","1901-02-12T09:20:00","4","61.8000000","24.3000000","112.0","TAMPERE SHOWCASE, FI","FM-12","99999","V020","192,1,N,0050,1","99999,9,9,N","012000,1,N,1","+0112,3","+0087,1","10150,1","08,99,1,99,9,99,9,99999,9,99,9,99,9",""
"22707099999","1901-02-12T09:20:00","4","68.9500000","33.0500000","51.0","MURMANSK SHOWCASE, RU","FM-12","99999","V020","192,1,N,0050,1","99999,9,9,N","012000,1,N,1","-0060,3","-0085,1","10150,1","08,99,1,99,9,99,9,99999,9,99,9,99,9",""
"02950099999","1901-02-12T09:30:00","4","61.8000000","24.3000000","112.0","TAMPERE SHOWCASE, FI","FM-12","99999","V020","192,1,N,0050,1","99999,9,9,N","012000,1,N,1","+0115,3","+0090,1","10150,1","08,99,1,99,9,99,9,99999,9,99,9,99,9",""
"22707099999","1901-02-12T09:30:00","4","68.9500000","33.0500000","51.0","MURMANSK SHOWCASE, RU","FM-12","99999","V020","192,1,N,0050,1","99999,9,9,N","012000,1,N,1","-0058,3","-0083,1","10150,1","08,99,1,99,9,99,9,99999,9,99,9,99,9",""
"02950099999","1901-02-12T09:40:00","4","61.8000000","24.3000000","112.0","TAMPERE SHOWCASE, FI","FM-12","99999","V020","192,1,N,0050,1","99999,9,9,N","012000,1,N,1","+0110,3","+0085,1","10150,1","08,99,1,99,9,99,9,99999,9,99,9,99,9",""
"22707099999","1901-02-12T09:40:00","4","68.9500000","33.0500000","51.0","MURMANSK SHOWCASE, RU","FM-12","99999","V020","192,1,N,0050,1","99999,9,9,N","012000,1,N,1","-0055,3","-0080,1","10150,1","08,99,1,99,9,99,9,99999,9,99,9,99,9",""
"02950099999","1901-02-12T10:20:00","4","61.8000000","24.3000000","112.0","TAMPERE SHOWCASE, FI","FM-12","99999","V020","192,1,N,0050,1","99999,9,9,N","012000,1,N,1","+0120,1","+0095,1","10150,1","08,99,1,99,9,99,9,99999,9,99,9,99,9",""
"22707099999","1901-02-12T10:20:00","4","68.9500000","33.0500000","51.0","MURMANSK SHOWCASE, RU","FM-12","99999","V020","192,1,N,0050,1","99999,9,9,N","012000,1,N,1","-0045,1","-0070,1","10150,1","08,99,1,99,9,99,9,99999,9,99,9,99,9",""
"01001099999","1901-02-12T12:00:00","4","70.9333333","-8.6666667","10.0","JAN MAYEN SHOWCASE, NO","FM-12","99999","V020","192,1,N,0050,1","99999,9,9,N","012000,1,N,1","-0006,1","-0031,1","10137,1","08,99,1,99,9,99,9,99999,9,99,9,99,9",""
"02907099999","1901-02-12T12:00:00","4","64.3333333","23.4500000","5.0","KALAJOKI ULKOKALLA SHOWCASE, FI","FM-12","99999","V020","192,1,N,0050,1","99999,9,9,N","012000,1,N,1","+0062,1","+0037,1","10137,1","08,99,1,99,9,99,9,99999,9,99,9,99,9",""
"02950099999","1901-02-12T12:00:00","4","61.8000000","24.3000000","112.0","TAMPERE SHOWCASE, FI","FM-12","99999","V020","192,1,N,0050,1","99999,9,9,N","012000,1,N,1","+0110,1","+0085,1","10137,1","08,99,1,99,9,99,9,99999,9,99,9,99,9",""
"22707099999","1901-02-12T12:00:00","4","68.9500000","33.0500000","51.0","MURMANSK SHOWCASE, RU","FM-12","99999","V020","192,1,N,0050,1","99999,9,9,N","012000,1,N,1","-0091,1","-0116,1","10137,1","08,99,1,99,9,99,9,99999,9,99,9,99,9",""
"22707099999","1901-02-14T10:00:00","4","68.9500000","33.0500000","51.0","MURMANSK SHOWCASE, RU","FM-12","99999","V020","194,1,N,0050,1","99999,9,9,N","000150,1,N,1","-0091,1","-0116,1","10150,1","08,99,1,99,9,99,9,99999,9,99,9,99,9",""
"22707099999","1901-02-14T11:00:00","4","68.9500000","33.0500000","51.0","MURMANSK SHOWCASE, RU","FM-12","99999","V020","194,1,N,0050,1","99999,9,9,N","000150,1,N,1","-0091,1","-0116,1","10150,1","08,99,1,99,9,99,9,99999,9,99,9,99,9",""
"01001099999","1901-02-14T12:00:00","4","70.9333333","-8.6666667","10.0","JAN MAYEN SHOWCASE, NO","FM-12","99999","V020","194,1,N,0050,1","99999,9,9,N","012000,1,N,1","-0011,1","-0036,1","10137,1","08,99,1,99,9,99,9,99999,9,99,9,99,9",""
"02907099999","1901-02-14T12:00:00","4","64.3333333","23.4500000","5.0","KALAJOKI ULKOKALLA SHOWCASE, FI","FM-12","99999","V020","194,1,N,0050,1","99999,9,9,N","012000,1,N,1","+0071,1","+0046,1","10137,1","08,99,1,99,9,99,9,99999,9,99,9,99,9",""
"02950099999","1901-02-14T12:00:00","4","61.8000000","24.3000000","112.0","TAMPERE SHOWCASE, FI","FM-12","99999","V020","194,1,N,0050,1","99999,9,9,N","012000,1,N,1","+0110,1","+0085,1","10137,1","08,99,1,99,9,99,9,99999,9,99,9,99,9",""
"22707099999","1901-02-14T12:00:00","4","68.9500000","33.0500000","51.0","MURMANSK SHOWCASE, RU","FM-12","99999","V020","194,1,N,0050,1","99999,9,9,N","012000,1,N,1","-0091,1","-0116,1","10137,1","08,99,1,99,9,99,9,99999,9,99,9,99,9",""
"22707099999","1901-02-14T13:00:00","4","68.9500000","33.0500000","51.0","MURMANSK SHOWCASE, RU","FM-12","99999","V020","194,1,N,0050,1","99999,9,9,N","012000,1,N,1","-0091,1","-0116,1","10150,1","08,99,1,99,9,99,9,99999,9,99,9,99,9",""
"01001099999","1901-02-16T12:00:00","4","70.9333333","-8.6666667","10.0","JAN MAYEN SHOWCASE, NO","FM-12","99999","V020","196,1,N,0050,1","99999,9,9,N","012000,1,N,1","-0017,1","-0042,1","10136,1","08,99,1,99,9,99,9,99999,9,99,9,99,9",""
"02907099999","1901-02-16T12:00:00","4","64.3333333","23.4500000","5.0","KALAJOKI ULKOKALLA SHOWCASE, FI","FM-12","99999","V020","196,1,N,0050,1","99999,9,9,N","012000,1,N,1","+0081,1","+0056,1","10136,1","08,99,1,99,9,99,9,99999,9,99,9,99,9",""
"02950099999","1901-02-16T12:00:00","4","61.8000000","24.3000000","112.0","TAMPERE SHOWCASE, FI","FM-12","99999","V020","196,1,N,0050,1","99999,9,9,N","012000,1,N,1","+0109,1","+0084,1","10136,1","08,99,1,99,9,99,9,99999,9,99,9,99,9",""
"22707099999","1901-02-16T12:00:00","4","68.9500000","33.0500000","51.0","MURMANSK SHOWCASE, RU","FM-12","99999","V020","196,1,N,0050,1","99999,9,9,N","012000,1,N,1","-0090,1","-0115,1","10136,1","08,99,1,99,9,99,9,99999,9,99,9,99,9",""
"01001099999","1901-02-18T12:00:00","4","70.9333333","-8.6666667","10.0","JAN MAYEN SHOWCASE, NO","FM-12","99999","V020","198,1,N,0050,1","99999,9,9,N","012000,1,N,1","-0023,1","-0048,1","10136,1","08,99,1,99,9,99,9,99999,9,99,9,99,9",""
"02907099999","1901-02-18T12:00:00","4","64.3333333","23.4500000","5.0","KALAJOKI ULKOKALLA SHOWCASE, FI","FM-12","99999","V020","198,1,N,0050,1","99999,9,9,N","012000,1,N,1","+0092,1","+0067,1","10136,1","08,99,1,99,9,99,9,99999,9,99,9,99,9",""
"02950099999","1901-02-18T12:00:00","4","61.8000000","24.3000000","112.0","TAMPERE SHOWCASE, FI","FM-12","99999","V020","198,1,N,0050,1","99999,9,9,N","012000,1,N,1","+0108,1","+0083,1","10136,1","08,99,1,99,9,99,9,99999,9,99,9,99,9",""
"22707099999","1901-02-18T12:00:00","4","68.9500000","33.0500000","51.0","MURMANSK SHOWCASE, RU","FM-12","99999","V020","198,1,N,0050,1","99999,9,9,N","012000,1,N,1","-0088,1","-0113,1","10136,1","08,99,1,99,9,99,9,99999,9,99,9,99,9",""
"01001099999","1901-02-20T12:00:00","4","70.9333333","-8.6666667","10.0","JAN MAYEN SHOWCASE, NO","FM-12","99999","V020","200,1,N,0050,1","99999,9,9,N","012000,1,N,1","-0028,1","-0053,1","10135,1","08,99,1,99,9,99,9,99999,9,99,9,99,9",""
"02907099999","1901-02-20T12:00:00","4","64.3333333","23.4500000","5.0","KALAJOKI ULKOKALLA SHOWCASE, FI","FM-12","99999","V020","200,1,N,0050,1","99999,9,9,N","012000,1,N,1","+0102,1","+0077,1","10135,1","08,99,1,99,9,99,9,99999,9,99,9,99,9",""
"02950099999","1901-02-20T12:00:00","4","61.8000000","24.3000000","112.0","TAMPERE SHOWCASE, FI","FM-12","99999","V020","200,1,N,0050,1","99999,9,9,N","012000,1,N,1","+0106,1","+0081,1","10135,1","08,99,1,99,9,99,9,99999,9,99,9,99,9",""
"22707099999","1901-02-20T12:00:00","4","68.9500000","33.0500000","51.0","MURMANSK SHOWCASE, RU","FM-12","99999","V020","200,1,N,0050,1","99999,9,9,N","012000,1,N,1","-0087,1","-0112,1","10135,1","08,99,1,99,9,99,9,99999,9,99,9,99,9",""
"01001099999","1901-02-22T12:00:00","4","70.9333333","-8.6666667","10.0","JAN MAYEN SHOWCASE, NO","FM-12","99999","V020","202,1,N,0050,1","99999,9,9,N","012000,1,N,1","-0033,1","-0058,1","10134,1","08,99,1,99,9,99,9,99999,9,99,9,99,9",""
"02907099999","1901-02-22T12:00:00","4","64.3333333","23.4500000","5.0","KALAJOKI ULKOKALLA SHOWCASE, FI","FM-12","99999","V020","202,1,N,0050,1","99999,9,9,N","012000,1,N,1","+0113,1","+0088,1","10134,1","08,99,1,99,9,99,9,99999,9,99,9,99,9",""
"02950099999","1901-02-22T12:00:00","4","61.8000000","24.3000000","112.0","TAMPERE SHOWCASE, FI","FM-12","99999","V020","202,1,N,0050,1","99999,9,9,N","012000,1,N,1","+0103,1","+0078,1","10134,1","08,99,1,99,9,99,9,99999,9,99,9,99,9",""
"22707099999","1901-02-22T12:00:00","4","68.9500000","33.0500000","51.0","MURMANSK SHOWCASE, RU","FM-12","99999","V020","202,1,N,0050,1","99999,9,9,N","012000,1,N,1","-0084,1","-0109,1","10134,1","08,99,1,99,9,99,9,99999,9,99,9,99,9",""
"02907099999","1901-02-22T18:00:00","4","64.3333333","23.4500000","5.0","KALAJOKI ULKOKALLA SHOWCASE, FI","FM-12","99999","V020","202,1,N,0080,1","99999,9,9,N","012000,1,N,1","+0114,1","+0089,1","10140,1","08,99,1,99,9,99,9,99999,9,99,9,99,9",""
"02907099999","1901-02-22T19:00:00","4","64.3333333","23.4500000","5.0","KALAJOKI ULKOKALLA SHOWCASE, FI","FM-12","99999","V020","202,1,N,0231,1","99999,9,9,N","012000,1,N,1","+0114,1","+0089,1","10050,1","08,99,1,99,9,99,9,99999,9,99,9,99,9",""
"02907099999","1901-02-22T20:00:00","4","64.3333333","23.4500000","5.0","KALAJOKI ULKOKALLA SHOWCASE, FI","FM-12","99999","V020","202,1,N,0080,1","99999,9,9,N","012000,1,N,1","+0114,1","+0089,1","10060,1","08,99,1,99,9,99,9,99999,9,99,9,99,9",""
"01001099999","1901-02-24T12:00:00","4","70.9333333","-8.6666667","10.0","JAN MAYEN SHOWCASE, NO","FM-12","99999","V020","204,1,N,0050,1","99999,9,9,N","012000,1,N,1","-0037,1","-0062,1","10134,1","08,99,1,99,9,99,9,99999,9,99,9,99,9",""
"02907099999","1901-02-24T12:00:00","4","64.3333333","23.4500000","5.0","KALAJOKI ULKOKALLA SHOWCASE, FI","FM-12","99999","V020","204,1,N,0050,1","99999,9,9,N","012000,1,N,1","+0123,1","+0098,1","10134,1","08,99,1,99,9,99,9,99999,9,99,9,99,9",""
"02950099999","1901-02-24T12:00:00","4","61.8000000","24.3000000","112.0","TAMPERE SHOWCASE, FI","FM-12","99999","V020","204,1,N,0050,1","99999,9,9,N","012000,1,N,1","+0099,1","+0074,1","10134,1","08,99,1,99,9,99,9,99999,9,99,9,99,9",""
"22707099999","1901-02-24T12:00:00","4","68.9500000","33.0500000","51.0","MURMANSK SHOWCASE, RU","FM-12","99999","V020","204,1,N,0050,1","99999,9,9,N","012000,1,N,1","-0082,1","-0107,1","10134,1","08,99,1,99,9,99,9,99999,9,99,9,99,9",""
"01001099999","1901-02-26T12:00:00","4","70.9333333","-8.6666667","10.0","JAN MAYEN SHOWCASE, NO","FM-12","99999","V020","206,1,N,0050,1","99999,9,9,N","012000,1,N,1","-0041,1","-0066,1","10133,1","08,99,1,99,9,99,9,99999,9,99,9,99,9",""
"02907099999","1901-02-26T12:00:00","4","64.3333333","23.4500000","5.0","KALAJOKI ULKOKALLA SHOWCASE, FI","FM-12","99999","V020","206,1,N,0050,1","99999,9,9,N","012000,1,N,1","+0133,1","+0108,1","10133,1","08,99,1,99,9,99,9,99999,9,99,9,99,9",""
"02950099999","1901-02-26T12:00:00","4","61.8000000","24.3000000","112.0","TAMPERE SHOWCASE, FI","FM-12","99999","V020","206,1,N,0050,1","99999,9,9,N","012000,1,N,1","+0094,1","+0069,1","10133,1","08,99,1,99,9,99,9,99999,9,99,9,99,9",""
"22707099999","1901-02-26T12:00:00","4","68.9500000","33.0500000","51.0","MURMANSK SHOWCASE, RU","FM-12","99999","V020","206,1,N,0050,1","99999,9,9,N","012000,1,N,1","-0078,1","-0103,1","10133,1","08,99,1,99,9,99,9,99999,9,99,9,99,9",""
"01001099999","1901-02-28T12:00:00","4","70.9333333","-8.6666667","10.0","JAN MAYEN SHOWCASE, NO","FM-12","99999","V020","208,1,N,0050,1","99999,9,9,N","012000,1,N,1","-0044,1","-0069,1","10133,1","08,99,1,99,9,99,9,99999,9,99,9,99,9",""
"02907099999","1901-02-28T12:00:00","4","64.3333333","23.4500000","5.0","KALAJOKI ULKOKALLA SHOWCASE, FI","FM-12","99999","V020","208,1,N,0050,1","99999,9,9,N","012000,1,N,1","+0142,1","+0117,1","10133,1","08,99,1,99,9,99,9,99999,9,99,9,99,9",""
"02950099999","1901-02-28T12:00:00","4","61.8000000","24.3000000","112.0","TAMPERE SHOWCASE, FI","FM-12","99999","V020","208,1,N,0050,1","99999,9,9,N","012000,1,N,1","+0089,1","+0064,1","10133,1","08,99,1,99,9,99,9,99999,9,99,9,99,9",""
"22707099999","1901-02-28T12:00:00","4","68.9500000","33.0500000","51.0","MURMANSK SHOWCASE, RU","FM-12","99999","V020","208,1,N,0050,1","99999,9,9,N","012000,1,N,1","-0074,1","-0099,1","10133,1","08,99,1,99,9,99,9,99999,9,99,9,99,9",""
"01001099999","1901-03-02T00:00:00","4","70.9333333","-8.6666667","10.0","JAN MAYEN SHOWCASE, NO","FM-12","99999","V020","182,1,N,0050,1","99999,9,9,N","012000,1,N,1","-0065,1","-0090,1","10132,1","08,99,1,99,9,99,9,99999,9,99,9,99,9",""
"02907099999","1901-03-02T00:00:00","4","64.3333333","23.4500000","5.0","KALAJOKI ULKOKALLA SHOWCASE, FI","FM-12","99999","V020","182,1,N,0050,1","99999,9,9,N","012000,1,N,1","+0132,1","+0107,1","10132,1","08,99,1,99,9,99,9,99999,9,99,9,99,9",""
"02950099999","1901-03-02T00:00:00","4","61.8000000","24.3000000","112.0","TAMPERE SHOWCASE, FI","FM-12","99999","V020","182,1,N,0050,1","99999,9,9,N","012000,1,N,1","+0065,1","+0040,1","10132,1","08,99,1,99,9,99,9,99999,9,99,9,99,9",""
"22707099999","1901-03-02T00:00:00","4","68.9500000","33.0500000","51.0","MURMANSK SHOWCASE, RU","FM-12","99999","V020","182,1,N,0050,1","99999,9,9,N","012000,1,N,1","-0088,1","-0113,1","10132,1","08,99,1,99,9,99,9,99999,9,99,9,99,9",""
"01001099999","1901-03-02T06:00:00","4","70.9333333","-8.6666667","10.0","JAN MAYEN SHOWCASE, NO","FM-12","99999","V020","182,1,N,0050,1","99999,9,9,N","012000,1,N,1","-0040,1","-0065,1","10132,1","08,99,1,99,9,99,9,99999,9,99,9,99,9",""
"02907099999","1901-03-02T06:00:00","4","64.3333333","23.4500000","5.0","KALAJOKI ULKOKALLA SHOWCASE, FI","FM-12","99999","V020","182,1,N,0050,1","99999,9,9,N","012000,1,N,1","+0157,1","+0132,1","10132,1","08,99,1,99,9,99,9,99999,9,99,9,99,9",""
"02950099999","1901-03-02T06:00:00","4","61.8000000","24.3000000","112.0","TAMPERE SHOWCASE, FI","FM-12","99999","V020","182,1,N,0050,1","99999,9,9,N","012000,1,N,1","+0090,1","+0065,1","10132,1","08,99,1,99,9,99,9,99999,9,99,9,99,9",""
"22707099999","1901-03-02T06:00:00","4","68.9500000","33.0500000","51.0","MURMANSK SHOWCASE, RU","FM-12","99999","V020","182,1,N,0050,1","99999,9,9,N","012000,1,N,1","-0063,1","-0088,1","10132,1","08,99,1,99,9,99,9,99999,9,99,9,99,9",""
"01001099999","1901-03-02T12:00:00","4","70.9333333","-8.6666667","10.0","JAN MAYEN SHOWCASE, NO","FM-12","99999","V020","182,1,N,0050,1","99999,9,9,N","012000,1,N,1","-0047,1","-0072,1","10132,1","08,99,1,99,9,99,9,99999,9,99,9,99,9",""
"02907099999","1901-03-02T12:00:00","4","64.3333333","23.4500000","5.0","KALAJOKI ULKOKALLA SHOWCASE, FI","FM-12","99999","V020","182,1,N,0050,1","99999,9,9,N","012000,1,N,1","+0150,1","+0125,1","10132,1","08,99,1,99,9,99,9,99999,9,99,9,99,9",""
"02950099999","1901-03-02T12:00:00","4","61.8000000","24.3000000","112.0","TAMPERE SHOWCASE, FI","FM-12","99999","V020","182,1,N,0050,1","99999,9,9,N","012000,1,N,1","+0083,1","+0058,1","10132,1","08,99,1,99,9,99,9,99999,9,99,9,99,9",""
"22707099999","1901-03-02T12:00:00","4","68.9500000","33.0500000","51.0","MURMANSK SHOWCASE, RU","FM-12","99999","V020","182,1,N,0050,1","99999,9,9,N","012000,1,N,1","-0070,1","-0095,1","10132,1","08,99,1,99,9,99,9,99999,9,99,9,99,9",""
"01001099999","1901-03-02T18:00:00","4","70.9333333","-8.6666667","10.0","JAN MAYEN SHOWCASE, NO","FM-12","99999","V020","182,1,N,0050,1","99999,9,9,N","012000,1,N,1","-0025,1","-0050,1","10132,1","08,99,1,99,9,99,9,99999,9,99,9,99,9",""
"02907099999","1901-03-02T18:00:00","4","64.3333333","23.4500000","5.0","KALAJOKI ULKOKALLA SHOWCASE, FI","FM-12","99999","V020","182,1,N,0050,1","99999,9,9,N","012000,1,N,1","+0172,1","+0147,1","10132,1","08,99,1,99,9,99,9,99999,9,99,9,99,9",""
"02950099999","1901-03-02T18:00:00","4","61.8000000","24.3000000","112.0","TAMPERE SHOWCASE, FI","FM-12","99999","V020","182,1,N,0050,1","99999,9,9,N","012000,1,N,1","+0105,1","+0080,1","10132,1","08,99,1,99,9,99,9,99999,9,99,9,99,9",""
"22707099999","1901-03-02T18:00:00","4","68.9500000","33.0500000","51.0","MURMANSK SHOWCASE, RU","FM-12","99999","V020","182,1,N,0050,1","99999,9,9,N","012000,1,N,1","-0048,1","-0073,1","10132,1","08,99,1,99,9,99,9,99999,9,99,9,99,9",""
"01001099999","1901-03-04T00:00:00","4","70.9333333","-8.6666667","10.0","JAN MAYEN SHOWCASE, NO","FM-12","99999","V020","184,1,N,0050,1","99999,9,9,N","012000,1,N,1","-0067,1","-0092,1","10131,1","08,99,1,99,9,99,9,99999,9,99,9,99,9",""
"02907099999","1901-03-04T00:00:00","4","64.3333333","23.4500000","5.0","KALAJOKI ULKOKALLA SHOWCASE, FI","FM-12","99999","V020","184,1,N,0050,1","99999,9,9,N","012000,1,N,1","+0139,1","+0114,1","10131,1","08,99,1,99,9,99,9,99999,9,99,9,99,9",""
"02950099999","1901-03-04T00:00:00","4","61.8000000","24.3000000","112.0","TAMPERE SHOWCASE, FI","FM-12","99999","V020","184,1,N,0050,1","99999,9,9,N","012000,1,N,1","+0058,1","+0033,1","10131,1","08,99,1,99,9,99,9,99999,9,99,9,99,9",""
"22707099999","1901-03-04T00:00:00","4","68.9500000","33.0500000","51.0","MURMANSK SHOWCASE, RU","FM-12","99999","V020","184,1,N,0050,1","99999,9,9,N","012000,1,N,1","-0083,1","-0108,1","10131,1","08,99,1,99,9,99,9,99999,9,99,9,99,9",""
"01001099999","1901-03-04T06:00:00","4","70.9333333","-8.6666667","10.0","JAN MAYEN SHOWCASE, NO","FM-12","99999","V020","184,1,N,0050,1","99999,9,9,N","012000,1,N,1","-0042,1","-0067,1","10131,1","08,99,1,99,9,99,9,99999,9,99,9,99,9",""
"02907099999","1901-03-04T06:00:00","4","64.3333333","23.4500000","5.0","KALAJOKI ULKOKALLA SHOWCASE, FI","FM-12","99999","V020","184,1,N,0050,1","99999,9,9,N","012000,1,N,1","+0164,1","+0139,1","10131,1","08,99,1,99,9,99,9,99999,9,99,9,99,9",""
"02950099999","1901-03-04T06:00:00","4","61.8000000","24.3000000","112.0","TAMPERE SHOWCASE, FI","FM-12","99999","V020","184,1,N,0050,1","99999,9,9,N","012000,1,N,1","+0083,1","+0058,1","10131,1","08,99,1,99,9,99,9,99999,9,99,9,99,9",""
"22707099999","1901-03-04T06:00:00","4","68.9500000","33.0500000","51.0","MURMANSK SHOWCASE, RU","FM-12","99999","V020","184,1,N,0050,1","99999,9,9,N","012000,1,N,1","-0058,1","-0083,1","10131,1","08,99,1,99,9,99,9,99999,9,99,9,99,9",""
"01001099999","1901-03-04T12:00:00","4","70.9333333","-8.6666667","10.0","JAN MAYEN SHOWCASE, NO","FM-12","99999","V020","184,1,N,0050,1","99999,9,9,N","012000,1,N,1","-0049,1","-0074,1","10131,1","08,99,1,99,9,99,9,99999,9,99,9,99,9",""
"02907099999","1901-03-04T12:00:00","4","64.3333333","23.4500000","5.0","KALAJOKI ULKOKALLA SHOWCASE, FI","FM-12","99999","V020","184,1,N,0050,1","99999,9,9,N","012000,1,N,1","+0157,1","+0132,1","10131,1","08,99,1,99,9,99,9,99999,9,99,9,99,9",""
"02950099999","1901-03-04T12:00:00","4","61.8000000","24.3000000","112.0","TAMPERE SHOWCASE, FI","FM-12","99999","V020","184,1,N,0050,1","99999,9,9,N","012000,1,N,1","+0076,1","+0051,1","10131,1","08,99,1,99,9,99,9,99999,9,99,9,99,9",""
"22707099999","1901-03-04T12:00:00","4","68.9500000","33.0500000","51.0","MURMANSK SHOWCASE, RU","FM-12","99999","V020","184,1,N,0050,1","99999,9,9,N","012000,1,N,1","-0065,1","-0090,1","10131,1","08,99,1,99,9,99,9,99999,9,99,9,99,9",""
"01001099999","1901-03-04T18:00:00","4","70.9333333","-8.6666667","10.0","JAN MAYEN SHOWCASE, NO","FM-12","99999","V020","184,1,N,0050,1","99999,9,9,N","012000,1,N,1","-0027,1","-0052,1","10131,1","08,99,1,99,9,99,9,99999,9,99,9,99,9",""
"02907099999","1901-03-04T18:00:00","4","64.3333333","23.4500000","5.0","KALAJOKI ULKOKALLA SHOWCASE, FI","FM-12","99999","V020","184,1,N,0050,1","99999,9,9,N","012000,1,N,1","+0179,1","+0154,1","10131,1","08,99,1,99,9,99,9,99999,9,99,9,99,9",""
"02950099999","1901-03-04T18:00:00","4","61.8000000","24.3000000","112.0","TAMPERE SHOWCASE, FI","FM-12","99999","V020","184,1,N,0050,1","99999,9,9,N","012000,1,N,1","+0098,1","+0073,1","10131,1","08,99,1,99,9,99,9,99999,9,99,9,99,9",""
"22707099999","1901-03-04T18:00:00","4","68.9500000","33.0500000","51.0","MURMANSK SHOWCASE, RU","FM-12","99999","V020","184,1,N,0050,1","99999,9,9,N","012000,1,N,1","-0043,1","-0068,1","10131,1","08,99,1,99,9,99,9,99999,9,99,9,99,9",""
"01001099999","1901-03-06T00:00:00","4","70.9333333","-8.6666667","10.0","JAN MAYEN SHOWCASE, NO","FM-12","99999","V020","186,1,N,0050,1","99999,9,9,N","012000,1,N,1","-0068,1","-0093,1","10131,1","08,99,1,99,9,99,9,99999,9,99,9,99,9",""
"02907099999","1901-03-06T00:00:00","4","64.3333333","23.4500000","5.0","KALAJOKI ULKOKALLA SHOWCASE, FI","FM-12","99999","V020","186,1,N,0050,1","99999,9,9,N","012000,1,N,1","+0146,1","+0121,1","10131,1","08,99,1,99,9,99,9,99999,9,99,9,99,9",""
"02950099999","1901-03-06T00:00:00","4","61.8000000","24.3000000","112.0","TAMPERE SHOWCASE, FI","FM-12","99999","V020","186,1,N,0050,1","99999,9,9,N","012000,1,N,1","+0051,1","+0026,1","10131,1","08,99,1,99,9,99,9,99999,9,99,9,99,9",""
"22707099999","1901-03-06T00:00:00","4","68.9500000","33.0500000","51.0","MURMANSK SHOWCASE, RU","FM-12","99999","V020","186,1,N,0050,1","99999,9,9,N","012000,1,N,1","-0078,1","-0103,1","10131,1","08,99,1,99,9,99,9,99999,9,99,9,99,9",""
"01001099999","1901-03-06T06:00:00","4","70.9333333","-8.6666667","10.0","JAN MAYEN SHOWCASE, NO","FM-12","99999","V020","186,1,N,0050,1","99999,9,9,N","012000,1,N,1","-0043,1","-0068,1","10131,1","08,99,1,99,9,99,9,99999,9,99,9,99,9",""
"02907099999","1901-03-06T06:00:00","4","64.3333333","23.4500000","5.0","KALAJOKI ULKOKALLA SHOWCASE, FI","FM-12","99999","V020","186,1,N,0050,1","99999,9,9,N","012000,1,N,1","+0171,1","+0146,1","10131,1","08,99,1,99,9,99,9,99999,9,99,9,99,9",""
"02950099999","1901-03-06T06:00:00","4","61.8000000","24.3000000","112.0","TAMPERE SHOWCASE, FI","FM-12","99999","V020","186,1,N,0050,1","99999,9,9,N","012000,1,N,1","+0076,1","+0051,1","10131,1","08,99,1,99,9,99,9,99999,9,99,9,99,9",""
"22707099999","1901-03-06T06:00:00","4","68.9500000","33.0500000","51.0","MURMANSK SHOWCASE, RU","FM-12","99999","V020","186,1,N,0050,1","99999,9,9,N","012000,1,N,1","-0053,1","-0078,1","10131,1","08,99,1,99,9,99,9,99999,9,99,9,99,9",""
"01001099999","1901-03-06T12:00:00","4","70.9333333","-8.6666667","10.0","JAN MAYEN SHOWCASE, NO","FM-12","99999","V020","186,1,N,0050,1","99999,9,9,N","012000,1,N,1","-0050,1","-0075,1","10131,1","08,99,1,99,9,99,9,99999,9,99,9,99,9",""
"02907099999","1901-03-06T12:00:00","4","64.3333333","23.4500000","5.0","KALAJOKI ULKOKALLA SHOWCASE, FI","FM-12","99999","V020","186,1,N,0050,1","99999,9,9,N","012000,1,N,1","+0164,1","+0139,1","10131,1","08,99,1,99,9,99,9,99999,9,99,9,99,9",""
"02950099999","1901-03-06T12:00:00","4","61.8000000","24.3000000","112.0","TAMPERE SHOWCASE, FI","FM-12","99999","V020","186,1,N,0050,1","99999,9,9,N","012000,1,N,1","+0069,1","+0044,1","10131,1","08,99,1,99,9,99,9,99999,9,99,9,99,9",""
"22707099999","1901-03-06T12:00:00","4","68.9500000","33.0500000","51.0","MURMANSK SHOWCASE, RU","FM-12","99999","V020","186,1,N,0050,1","99999,9,9,N","012000,1,N,1","-0060,1","-0085,1","10131,1","08,99,1,99,9,99,9,99999,9,99,9,99,9",""
"01001099999","1901-03-06T18:00:00","4","70.9333333","-8.6666667","10.0","JAN MAYEN SHOWCASE, NO","FM-12","99999","V020","186,1,N,0050,1","99999,9,9,N","012000,1,N,1","-0028,1","-0053,1","10131,1","08,99,1,99,9,99,9,99999,9,99,9,99,9",""
"02907099999","1901-03-06T18:00:00","4","64.3333333","23.4500000","5.0","KALAJOKI ULKOKALLA SHOWCASE, FI","FM-12","99999","V020","186,1,N,0050,1","99999,9,9,N","012000,1,N,1","+0186,1","+0161,1","10131,1","08,99,1,99,9,99,9,99999,9,99,9,99,9",""
"02950099999","1901-03-06T18:00:00","4","61.8000000","24.3000000","112.0","TAMPERE SHOWCASE, FI","FM-12","99999","V020","186,1,N,0050,1","99999,9,9,N","012000,1,N,1","+0091,1","+0066,1","10131,1","08,99,1,99,9,99,9,99999,9,99,9,99,9",""
"22707099999","1901-03-06T18:00:00","4","68.9500000","33.0500000","51.0","MURMANSK SHOWCASE, RU","FM-12","99999","V020","186,1,N,0050,1","99999,9,9,N","012000,1,N,1","-0038,1","-0063,1","10131,1","08,99,1,99,9,99,9,99999,9,99,9,99,9",""
"01001099999","1901-03-08T00:00:00","4","70.9333333","-8.6666667","10.0","JAN MAYEN SHOWCASE, NO","FM-12","99999","V020","188,1,N,0050,1","99999,9,9,N","012000,1,N,1","-0068,1","-0093,1","10130,1","08,99,1,99,9,99,9,99999,9,99,9,99,9",""
"02907099999","1901-03-08T00:00:00","4","64.3333333","23.4500000","5.0","KALAJOKI ULKOKALLA SHOWCASE, FI","FM-12","99999","V020","188,1,N,0050,1","99999,9,9,N","012000,1,N,1","+0152,1","+0127,1","10130,1","08,99,1,99,9,99,9,99999,9,99,9,99,9",""
"02950099999","1901-03-08T00:00:00","4","61.8000000","24.3000000","112.0","TAMPERE SHOWCASE, FI","FM-12","99999","V020","188,1,N,0050,1","99999,9,9,N","012000,1,N,1","+0043,1","+0018,1","10130,1","08,99,1,99,9,99,9,99999,9,99,9,99,9",""
"22707099999","1901-03-08T00:00:00","4","68.9500000","33.0500000","51.0","MURMANSK SHOWCASE, RU","FM-12","99999","V020","188,1,N,0050,1","99999,9,9,N","012000,1,N,1","-0072,1","-0097,1","10130,1","08,99,1,99,9,99,9,99999,9,99,9,99,9",""
"01001099999","1901-03-08T06:00:00","4","70.9333333","-8.6666667","10.0","JAN MAYEN SHOWCASE, NO","FM-12","99999","V020","188,1,N,0050,1","99999,9,9,N","012000,1,N,1","-0043,1","-0068,1","10130,1","08,99,1,99,9,99,9,99999,9,99,9,99,9",""
"02907099999","1901-03-08T06:00:00","4","64.3333333","23.4500000","5.0","KALAJOKI ULKOKALLA SHOWCASE, FI","FM-12","99999","V020","188,1,N,0050,1","99999,9,9,N","012000,1,N,1","+0177,1","+0152,1","10130,1","08,99,1,99,9,99,9,99999,9,99,9,99,9",""
"02950099999","1901-03-08T06:00:00","4","61.8000000","24.3000000","112.0","TAMPERE SHOWCASE, FI","FM-12","99999","V020","188,1,N,0050,1","99999,9,9,N","012000,1,N,1","+0068,1","+0043,1","10130,1","08,99,1,99,9,99,9,99999,9,99,9,99,9",""
"22707099999","1901-03-08T06:00:00","4","68.9500000","33.0500000","51.0","MURMANSK SHOWCASE, RU","FM-12","99999","V020","188,1,N,0050,1","99999,9,9,N","012000,1,N,1","-0047,1","-0072,1","10130,1","08,99,1,99,9,99,9,99999,9,99,9,99,9",""
"01001099999","1901-03-08T12:00:00","4","70.9333333","-8.6666667","10.0","JAN MAYEN SHOWCASE, NO","FM-12","99999","V020","188,1,N,0050,1","99999,9,9,N","012000,1,N,1","-0050,1","-0075,1","10130,1","08,99,1,99,9,99,9,99999,9,99,9,99,9",""
"02907099999","1901-03-08T12:00:00","4","64.3333333","23.4500000","5.0","KALAJOKI ULKOKALLA SHOWCASE, FI","FM-12","99999","V020","188,1,N,0050,1","99999,9,9,N","012000,1,N,1","+0170,1","+0145,1","10130,1","08,99,1,99,9,99,9,99999,9,99,9,99,9",""
"02950099999","1901-03-08T12:00:00","4","61.8000000","24.3000000","112.0","TAMPERE SHOWCASE, FI","FM-12","99999","V020","188,1,N,0050,1","99999,9,9,N","012000,1,N,1","+0061,1","+0036,1","10130,1","08,99,1,99,9,99,9,99999,9,99,9,99,9",""
"22707099999","1901-03-08T12:00:00","4","68.9500000","33.0500000","51.0","MURMANSK SHOWCASE, RU","FM-12","99999","V020","188,1,N,0050,1","99999,9,9,N","012000,1,N,1","-0054,1","-0079,1","10130,1","08,99,1,99,9,99,9,99999,9,99,9,99,9",""
"01001099999","1901-03-08T18:00:00","4","70.9333333","-8.6666667","10.0","JAN MAYEN SHOWCASE, NO","FM-12","99999","V020","188,1,N,0050,1","99999,9,9,N","012000,1,N,1","-0028,1","-0053,1","10130,1","08,99,1,99,9,99,9,99999,9,99,9,99,9",""
"02907099999","1901-03-08T18:00:00","4","64.3333333","23.4500000","5.0","KALAJOKI ULKOKALLA SHOWCASE, FI","FM-12","99999","V020","188,1,N,0050,1","99999,9,9,N","012000,1,N,1","+0192,1","+0167,1","10130,1","08,99,1,99,9,99,9,99999,9,99,9,99,9",""
"02950099999","1901-03-08T18:00:00","4","61.8000000","24.3000000","112.0","TAMPERE SHOWCASE, FI","FM-12","99999","V020","188,1,N,0050,1","99999,9,9,N","012000,1,N,1","+0083,1","+0058,1","10130,1","08,99,1,99,9,99,9,99999,9,99,9,99,9",""
"22707099999","1901-03-08T18:00:00","4","68.9500000","33.0500000","51.0","MURMANSK SHOWCASE, RU","FM-12","99999","V020","188,1,N,0050,1","99999,9,9,N","012000,1,N,1","-0032,1","-0057,1","10130,1","08,99,1,99,9,99,9,99999,9,99,9,99,9",""
"01001099999","1901-03-10T00:00:00","4","70.9333333","-8.6666667","10.0","JAN MAYEN SHOWCASE, NO","FM-12","99999","V020","190,1,N,0050,1","99999,9,9,N","012000,1,N,1","-0067,1","-0092,1","10130,1","08,99,1,99,9,99,9,99999,9,99,9,99,9",""
"02907099999","1901-03-10T00:00:00","4","64.3333333","23.4500000","5.0","KALAJOKI ULKOKALLA SHOWCASE, FI","FM-12","99999","V020","190,1,N,0050,1","99999,9,9,N","012000,1,N,1","+0156,1","+0131,1","10130,1","08,99,1,99,9,99,9,99999,9,99,9,99,9",""
"02950099999","1901-03-10T00:00:00","4","61.8000000","24.3000000","112.0","TAMPERE SHOWCASE, FI","FM-12","99999","V020","190,1,N,0050,1","99999,9,9,N","012000,1,N,1","+0035,1","+0010,1","10130,1","08,99,1,99,9,99,9,99999,9,99,9,99,9",""
"22707099999","1901-03-10T00:00:00","4","68.9500000","33.0500000","51.0","MURMANSK SHOWCASE, RU","FM-12","99999","V020","190,1,N,0050,1","99999,9,9,N","012000,1,N,1","-0066,1","-0091,1","10130,1","08,99,1,99,9,99,9,99999,9,99,9,99,9",""
"01001099999","1901-03-10T06:00:00","4","70.9333333","-8.6666667","10.0","JAN MAYEN SHOWCASE, NO","FM-12","99999","V020","190,1,N,0050,1","99999,9,9,N","012000,1,N,1","-0042,1","-0067,1","10130,1","08,99,1,99,9,99,9,99999,9,99,9,99,9",""
"02907099999","1901-03-10T06:00:00","4","64.3333333","23.4500000","5.0","KALAJOKI ULKOKALLA SHOWCASE, FI","FM-12","99999","V020","190,1,N,0050,1","99999,9,9,N","012000,1,N,1","+0181,1","+0156,1","10130,1","08,99,1,99,9,99,9,99999,9,99,9,99,9",""
"02950099999","1901-03-10T06:00:00","4","61.8000000","24.3000000","112.0","TAMPERE SHOWCASE, FI","FM-12","99999","V020","190,1,N,0050,1","99999,9,9,N","012000,1,N,1","+0060,1","+0035,1","10130,1","08,99,1,99,9,99,9,99999,9,99,9,99,9",""
"22707099999","1901-03-10T06:00:00","4","68.9500000","33.0500000","51.0","MURMANSK SHOWCASE, RU","FM-12","99999","V020","190,1,N,0050,1","99999,9,9,N","012000,1,N,1","-0041,1","-0066,1","10130,1","08,99,1,99,9,99,9,99999,9,99,9,99,9",""
"01001099999","1901-03-10T12:00:00","4","70.9333333","-8.6666667","10.0","JAN MAYEN SHOWCASE, NO","FM-12","99999","V020","190,1,N,0050,1","99999,9,9,N","012000,1,N,1","-0049,1","-0074,1","10130,1","08,99,1,99,9,99,9,99999,9,99,9,99,9",""
"02907099999","1901-03-10T12:00:00","4","64.3333333","23.4500000","5.0","KALAJOKI ULKOKALLA SHOWCASE, FI","FM-12","99999","V020","190,1,N,0050,1","99999,9,9,N","012000,1,N,1","+0174,1","+0149,1","10130,1","08,99,1,99,9,99,9,99999,9,99,9,99,9",""
"02950099999","1901-03-10T12:00:00","4","61.8000000","24.3000000","112.0","TAMPERE SHOWCASE, FI","FM-12","99999","V020","190,1,N,0050,1","99999,9,9,N","012000,1,N,1","+0053,1","+0028,1","10130,1","08,99,1,99,9,99,9,99999,9,99,9,99,9",""
"22707099999","1901-03-10T12:00:00","4","68.9500000","33.0500000","51.0","MURMANSK SHOWCASE, RU","FM-12","99999","V020","190,1,N,0050,1","99999,9,9,N","012000,1,N,1","-0048,1","-0073,1","10130,1","08,99,1,99,9,99,9,99999,9,99,9,99,9",""
"01001099999","1901-03-10T18:00:00","4","70.9333333","-8.6666667","10.0","JAN MAYEN SHOWCASE, NO","FM-12","99999","V020","190,1,N,0050,1","99999,9,9,N","000150,1,N,1","-0049,1","-0074,1","10150,1","08,99,1,99,9,99,9,99999,9,99,9,99,9",""
"02907099999","1901-03-10T18:00:00","4","64.3333333","23.4500000","5.0","KALAJOKI ULKOKALLA SHOWCASE, FI","FM-12","99999","V020","190,1,N,0050,1","99999,9,9,N","012000,1,N,1","+0196,1","+0171,1","10130,1","08,99,1,99,9,99,9,99999,9,99,9,99,9",""
"02950099999","1901-03-10T18:00:00","4","61.8000000","24.3000000","112.0","TAMPERE SHOWCASE, FI","FM-12","99999","V020","190,1,N,0050,1","99999,9,9,N","012000,1,N,1","+0075,1","+0050,1","10130,1","08,99,1,99,9,99,9,99999,9,99,9,99,9",""
"22707099999","1901-03-10T18:00:00","4","68.9500000","33.0500000","51.0","MURMANSK SHOWCASE, RU","FM-12","99999","V020","190,1,N,0050,1","99999,9,9,N","012000,1,N,1","-0026,1","-0051,1","10130,1","08,99,1,99,9,99,9,99999,9,99,9,99,9",""
"01001099999","1901-03-10T19:00:00","4","70.9333333","-8.6666667","10.0","JAN MAYEN SHOWCASE, NO","FM-12","99999","V020","190,1,N,0050,1","99999,9,9,N","000150,1,N,1","-0049,1","-0074,1","10150,1","08,99,1,99,9,99,9,99999,9,99,9,99,9",""
"01001099999","1901-03-10T21:00:00","4","70.9333333","-8.6666667","10.0","JAN MAYEN SHOWCASE, NO","FM-12","99999","V020","190,1,N,0050,1","99999,9,9,N","012000,1,N,1","-0049,1","-0074,1","10150,1","08,99,1,99,9,99,9,99999,9,99,9,99,9",""
"01001099999","1901-03-12T00:00:00","4","70.9333333","-8.6666667","10.0","JAN MAYEN SHOWCASE, NO","FM-12","99999","V020","192,1,N,0050,1","99999,9,9,N","012000,1,N,1","-0066,1","-0091,1","10129,1","08,99,1,99,9,99,9,99999,9,99,9,99,9",""
"02907099999","1901-03-12T00:00:00","4","64.3333333","23.4500000","5.0","KALAJOKI ULKOKALLA SHOWCASE, FI","FM-12","99999","V020","192,1,N,0050,1","99999,9,9,N","012000,1,N,1","+0160,1","+0135,1","10129,1","08,99,1,99,9,99,9,99999,9,99,9,99,9",""
"02950099999","1901-03-12T00:00:00","4","61.8000000","24.3000000","112.0","TAMPERE SHOWCASE, FI","FM-12","99999","V020","192,1,N,0050,1","99999,9,9,N","012000,1,N,1","+0026,1","+0001,1","10129,1","08,99,1,99,9,99,9,99999,9,99,9,99,9",""
"22707099999","1901-03-12T00:00:00","4","68.9500000","33.0500000","51.0","MURMANSK SHOWCASE, RU","FM-12","99999","V020","192,1,N,0050,1","99999,9,9,N","012000,1,N,1","-0059,1","-0084,1","10129,1","08,99,1,99,9,99,9,99999,9,99,9,99,9",""
"01001099999","1901-03-12T06:00:00","4","70.9333333","-8.6666667","10.0","JAN MAYEN SHOWCASE, NO","FM-12","99999","V020","192,1,N,0050,1","99999,9,9,N","012000,1,N,1","-0041,1","-0066,1","10129,1","08,99,1,99,9,99,9,99999,9,99,9,99,9",""
"02907099999","1901-03-12T06:00:00","4","64.3333333","23.4500000","5.0","KALAJOKI ULKOKALLA SHOWCASE, FI","FM-12","99999","V020","192,1,N,0050,1","99999,9,9,N","012000,1,N,1","+0185,1","+0160,1","10129,1","08,99,1,99,9,99,9,99999,9,99,9,99,9",""
"02950099999","1901-03-12T06:00:00","4","61.8000000","24.3000000","112.0","TAMPERE SHOWCASE, FI","FM-12","99999","V020","192,1,N,0050,1","99999,9,9,N","012000,1,N,1","+0051,1","+0026,1","10129,1","08,99,1,99,9,99,9,99999,9,99,9,99,9",""
"22707099999","1901-03-12T06:00:00","4","68.9500000","33.0500000","51.0","MURMANSK SHOWCASE, RU","FM-12","99999","V020","192,1,N,0050,1","99999,9,9,N","012000,1,N,1","-0034,1","-0059,1","10129,1","08,99,1,99,9,99,9,99999,9,99,9,99,9",""
"01001099999","1901-03-12T12:00:00","4","70.9333333","-8.6666667","10.0","JAN MAYEN SHOWCASE, NO","FM-12","99999","V020","192,1,N,0050,1","99999,9,9,N","012000,1,N,1","-0048,1","-0073,1","10129,1","08,99,1,99,9,99,9,99999,9,99,9,99,9",""
"02907099999","1901-03-12T12:00:00","4","64.3333333","23.4500000","5.0","KALAJOKI ULKOKALLA SHOWCASE, FI","FM-12","99999","V020","192,1,N,0050,1","99999,9,9,N","012000,1,N,1","+0178,1","+0153,1","10129,1","08,99,1,99,9,99,9,99999,9,99,9,99,9",""
"02950099999","1901-03-12T12:00:00","4","61.8000000","24.3000000","112.0","TAMPERE SHOWCASE, FI","FM-12","99999","V020","192,1,N,0050,1","99999,9,9,N","012000,1,N,1","+0044,1","+0019,1","10129,1","08,99,1,99,9,99,9,99999,9,99,9,99,9",""
"22707099999","1901-03-12T12:00:00","4","68.9500000","33.0500000","51.0","MURMANSK SHOWCASE, RU","FM-12","99999","V020","192,1,N,0050,1","99999,9,9,N","012000,1,N,1","-0041,1","-0066,1","10129,1","08,99,1,99,9,99,9,99999,9,99,9,99,9",""
"01001099999","1901-03-12T15:00:00","4","70.9333333","-8.6666667","10.0","JAN MAYEN SHOWCASE, NO","FM-12","99999","V020","192,1,N,0050,1","99999,9,9,N","012000,1,N,1","-0045,1","-0070,1","10150,1","08,99,1,99,9,99,9,99999,9,99,9,99,9",""
"02950099999","1901-03-12T15:00:00","4","61.8000000","24.3000000","112.0","TAMPERE SHOWCASE, FI","FM-12","99999","V020","192,1,N,0050,1","99999,9,9,N","012000,1,N,1","+0044,1","+0019,1","10150,1","08,99,1,99,9,99,9,99999,9,99,9,99,9",""
"01001099999","1901-03-12T15:10:00","4","70.9333333","-8.6666667","10.0","JAN MAYEN SHOWCASE, NO","FM-12","99999","V020","192,1,N,0050,1","99999,9,9,N","012000,1,N,1","-0042,3","-0067,1","10150,1","08,99,1,99,9,99,9,99999,9,99,9,99,9",""
"02950099999","1901-03-12T15:10:00","4","61.8000000","24.3000000","112.0","TAMPERE SHOWCASE, FI","FM-12","99999","V020","192,1,N,0050,1","99999,9,9,N","012000,1,N,1","+0040,3","+0015,1","10150,1","08,99,1,99,9,99,9,99999,9,99,9,99,9",""
"01001099999","1901-03-12T15:20:00","4","70.9333333","-8.6666667","10.0","JAN MAYEN SHOWCASE, NO","FM-12","99999","V020","192,1,N,0050,1","99999,9,9,N","012000,1,N,1","-0038,3","-0063,1","10150,1","08,99,1,99,9,99,9,99999,9,99,9,99,9",""
"02950099999","1901-03-12T15:20:00","4","61.8000000","24.3000000","112.0","TAMPERE SHOWCASE, FI","FM-12","99999","V020","192,1,N,0050,1","99999,9,9,N","012000,1,N,1","+0035,3","+0010,1","10150,1","08,99,1,99,9,99,9,99999,9,99,9,99,9",""
"01001099999","1901-03-12T15:30:00","4","70.9333333","-8.6666667","10.0","JAN MAYEN SHOWCASE, NO","FM-12","99999","V020","192,1,N,0050,1","99999,9,9,N","012000,1,N,1","-0035,3","-0060,1","10150,1","08,99,1,99,9,99,9,99999,9,99,9,99,9",""
"02950099999","1901-03-12T15:30:00","4","61.8000000","24.3000000","112.0","TAMPERE SHOWCASE, FI","FM-12","99999","V020","192,1,N,0050,1","99999,9,9,N","012000,1,N,1","+0030,3","+0005,1","10150,1","08,99,1,99,9,99,9,99999,9,99,9,99,9",""
"01001099999","1901-03-12T16:20:00","4","70.9333333","-8.6666667","10.0","JAN MAYEN SHOWCASE, NO","FM-12","99999","V020","192,1,N,0050,1","99999,9,9,N","012000,1,N,1","-0025,1","-0050,1","10150,1","08,99,1,99,9,99,9,99999,9,99,9,99,9",""
"02950099999","1901-03-12T16:20:00","4","61.8000000","24.3000000","112.0","TAMPERE SHOWCASE, FI","FM-12","99999","V020","192,1,N,0050,1","99999,9,9,N","012000,1,N,1","+0040,1","+0015,1","10150,1","08,99,1,99,9,99,9,99999,9,99,9,99,9",""
"01001099999","1901-03-12T18:00:00","4","70.9333333","-8.6666667","10.0","JAN MAYEN SHOWCASE, NO","FM-12","99999","V020","192,1,N,0050,1","99999,9,9,N","012000,1,N,1","-0026,1","-0051,1","10129,1","08,99,1,99,9,99,9,99999,9,99,9,99,9",""
"02907099999","1901-03-12T18:00:00","4","64.3333333","23.4500000","5.0","KALAJOKI ULKOKALLA SHOWCASE, FI","FM-12","99999","V020","192,1,N,0050,1","99999,9,9,N","012000,1,N,1","+0200,1","+0175,1","10129,1","08,99,1,99,9,99,9,99999,9,99,9,99,9",""
"02950099999","1901-03-12T18:00:00","4","61.8000000","24.3000000","112.0","TAMPERE SHOWCASE, FI","FM-12","99999","V020","192,1,N,0050,1","99999,9,9,N","012000,1,N,1","+0066,1","+0041,1","10129,1","08,99,1,99,9,99,9,99999,9,99,9,99,9",""
"22707099999","1901-03-12T18:00:00","4","68.9500000","33.0500000","51.0","MURMANSK SHOWCASE, RU","FM-12","99999","V020","192,1,N,0050,1","99999,9,9,N","012000,1,N,1","-0019,1","-0044,1","10129,1","08,99,1,99,9,99,9,99999,9,99,9,99,9",""
"01001099999","1901-03-14T00:00:00","4","70.9333333","-8.6666667","10.0","JAN MAYEN SHOWCASE, NO","FM-12","99999","V020","194,1,N,0050,1","99999,9,9,N","012000,1,N,1","-0064,1","-0089,1","10128,1","08,99,1,99,9,99,9,99999,9,99,9,99,9",""
"02907099999","1901-03-14T00:00:00","4","64.3333333","23.4500000","5.0","KALAJOKI ULKOKALLA SHOWCASE, FI","FM-12","99999","V020","194,1,N,0050,1","99999,9,9,N","012000,1,N,1","+0164,1","+0139,1","10128,1","08,99,1,99,9,99,9,99999,9,99,9,99,9",""
"02950099999","1901-03-14T00:00:00","4","61.8000000","24.3000000","112.0","TAMPERE SHOWCASE, FI","FM-12","99999","V020","194,1,N,0050,1","99999,9,9,N","012000,1,N,1","+0016,1","-0009,1","10128,1","08,99,1,99,9,99,9,99999,9,99,9,99,9",""
"22707099999","1901-03-14T00:00:00","4","68.9500000","33.0500000","51.0","MURMANSK SHOWCASE, RU","FM-12","99999","V020","194,1,N,0050,1","99999,9,9,N","012000,1,N,1","-0052,1","-0077,1","10128,1","08,99,1,99,9,99,9,99999,9,99,9,99,9",""
"01001099999","1901-03-14T06:00:00","4","70.9333333","-8.6666667","10.0","JAN MAYEN SHOWCASE, NO","FM-12","99999","V020","194,1,N,0050,1","99999,9,9,N","012000,1,N,1","-0039,1","-0064,1","10128,1","08,99,1,99,9,99,9,99999,9,99,9,99,9",""
"02907099999","1901-03-14T06:00:00","4","64.3333333","23.4500000","5.0","KALAJOKI ULKOKALLA SHOWCASE, FI","FM-12","99999","V020","194,1,N,0050,1","99999,9,9,N","012000,1,N,1","+0189,1","+0164,1","10128,1","08,99,1,99,9,99,9,99999,9,99,9,99,9",""
"02950099999","1901-03-14T06:00:00","4","61.8000000","24.3000000","112.0","TAMPERE SHOWCASE, FI","FM-12","99999","V020","194,1,N,0050,1","99999,9,9,N","012000,1,N,1","+0041,1","+0016,1","10128,1","08,99,1,99,9,99,9,99999,9,99,9,99,9",""
"22707099999","1901-03-14T06:00:00","4","68.9500000","33.0500000","51.0","MURMANSK SHOWCASE, RU","FM-12","99999","V020","194,1,N,0050,1","99999,9,9,N","012000,1,N,1","-0027,1","-0052,1","10128,1","08,99,1,99,9,99,9,99999,9,99,9,99,9",""
"01001099999","1901-03-14T12:00:00","4","70.9333333","-8.6666667","10.0","JAN MAYEN SHOWCASE, NO","FM-12","99999","V020","194,1,N,0050,1","99999,9,9,N","012000,1,N,1","-0046,1","-0071,1","10128,1","08,99,1,99,9,99,9,99999,9,99,9,99,9",""
"02907099999","1901-03-14T12:00:00","4","64.3333333","23.4500000","5.0","KALAJOKI ULKOKALLA SHOWCASE, FI","FM-12","99999","V020","194,1,N,0050,1","99999,9,9,N","012000,1,N,1","+0182,1","+0157,1","10128,1","08,99,1,99,9,99,9,99999,9,99,9,99,9",""
"02950099999","1901-03-14T12:00:00","4","61.8000000","24.3000000","112.0","TAMPERE SHOWCASE, FI","FM-12","99999","V020","194,1,N,0050,1","99999,9,9,N","012000,1,N,1","+0034,1","+0009,1","10128,1","08,99,1,99,9,99,9,99999,9,99,9,99,9",""
"22707099999","1901-03-14T12:00:00","4","68.9500000","33.0500000","51.0","MURMANSK SHOWCASE, RU","FM-12","99999","V020","194,1,N,0050,1","99999,9,9,N","012000,1,N,1","-0034,1","-0059,1","10128,1","08,99,1,99,9,99,9,99999,9,99,9,99,9",""
"01001099999","1901-03-14T18:00:00","4","70.9333333","-8.6666667","10.0","JAN MAYEN SHOWCASE, NO","FM-12","99999","V020","194,1,N,0050,1","99999,9,9,N","012000,1,N,1","-0024,1","-0049,1","10128,1","08,99,1,99,9,99,9,99999,9,99,9,99,9",""
"02907099999","1901-03-14T18:00:00","4","64.3333333","23.4500000","5.0","KALAJOKI ULKOKALLA SHOWCASE, FI","FM-12","99999","V020","194,1,N,0050,1","99999,9,9,N","012000,1,N,1","+0204,1","+0179,1","10128,1","08,99,1,99,9,99,9,99999,9,99,9,99,9",""
"02950099999","1901-03-14T18:00:00","4","61.8000000","24.3000000","112.0","TAMPERE SHOWCASE, FI","FM-12","99999","V020","194,1,N,0050,1","99999,9,9,N","012000,1,N,1","+0056,1","+0031,1","10128,1","08,99,1,99,9,99,9,99999,9,99,9,99,9",""
"22707099999","1901-03-14T18:00:00","4","68.9500000","33.0500000","51.0","MURMANSK SHOWCASE, RU","FM-12","99999","V020","194,1,N,0050,1","99999,9,9,N","012000,1,N,1","-0012,1","-0037,1","10128,1","08,99,1,99,9,99,9,99999,9,99,9,99,9",""
"01001099999","1901-03-16T00:00:00","4","70.9333333","-8.6666667","10.0","JAN MAYEN SHOWCASE, NO","FM-12","99999","V020","196,1,N,0050,1","99999,9,9,N","012000,1,N,1","-0061,1","-0086,1","10128,1","08,99,1,99,9,99,9,99999,9,99,9,99,9",""
"02907099999","1901-03-16T00:00:00","4","64.3333333","23.4500000","5.0","KALAJOKI ULKOKALLA SHOWCASE, FI","FM-12","99999","V020","196,1,N,0050,1","99999,9,9,N","012000,1,N,1","+0167,1","+0142,1","10128,1","08,99,1,99,9,99,9,99999,9,99,9,99,9",""
"02950099999","1901-03-16T00:00:00","4","61.8000000","24.3000000","112.0","TAMPERE SHOWCASE, FI","FM-12","99999","V020","196,1,N,0050,1","99999,9,9,N","012000,1,N,1","+0006,1","-0019,1","10128,1","08,99,1,99,9,99,9,99999,9,99,9,99,9",""
"22707099999","1901-03-16T00:00:00","4","68.9500000","33.0500000","51.0","MURMANSK SHOWCASE, RU","FM-12","99999","V020","196,1,N,0050,1","99999,9,9,N","012000,1,N,1","-0045,1","-0070,1","10128,1","08,99,1,99,9,99,9,99999,9,99,9,99,9",""
"01001099999","1901-03-16T06:00:00","4","70.9333333","-8.6666667","10.0","JAN MAYEN SHOWCASE, NO","FM-12","99999","V020","196,1,N,0050,1","99999,9,9,N","012000,1,N,1","-0036,1","-0061,1","10128,1","08,99,1,99,9,99,9,99999,9,99,9,99,9",""
"02907099999","1901-03-16T06:00:00","4","64.3333333","23.4500000","5.0","KALAJOKI ULKOKALLA SHOWCASE, FI","FM-12","99999","V020","196,1,N,0050,1","99999,9,9,N","012000,1,N,1","+0192,1","+0167,1","10128,1","08,99,1,99,9,99,9,99999,9,99,9,99,9",""
"02950099999","1901-03-16T06:00:00","4","61.8000000","24.3000000","112.0","TAMPERE SHOWCASE, FI","FM-12","99999","V020","196,1,N,0050,1","99999,9,9,N","012000,1,N,1","+0031,1","+0006,1","10128,1","08,99,1,99,9,99,9,99999,9,99,9,99,9",""
"22707099999","1901-03-16T06:00:00","4","68.9500000","33.0500000","51.0","MURMANSK SHOWCASE, RU","FM-12","99999","V020","196,1,N,0050,1","99999,9,9,N","012000,1,N,1","-0020,1","-0045,1","10128,1","08,99,1,99,9,99,9,99999,9,99,9,99,9",""
"01001099999","1901-03-16T12:00:00","4","70.9333333","-8.6666667","10.0","JAN MAYEN SHOWCASE, NO","FM-12","99999","V020","196,1,N,0050,1","99999,9,9,N","012000,1,N,1","-0043,1","-0068,1","10128,1","08,99,1,99,9,99,9,99999,9,99,9,99,9",""
"02907099999","1901-03-16T12:00:00","4","64.3333333","23.4500000","5.0","KALAJOKI ULKOKALLA SHOWCASE, FI","FM-12","99999","V020","196,1,N,0050,1","99999,9,9,N","012000,1,N,1","+0185,1","+0160,1","10128,1","08,99,1,99,9,99,9,99999,9,99,9,99,9",""
"02950099999","1901-03-16T12:00:00","4","61.8000000","24.3000000","112.0","TAMPERE SHOWCASE, FI","FM-12","99999","V020","196,1,N,0050,1","99999,9,9,N","012000,1,N,1","+0024,1","-0001,1","10128,1","08,99,1,99,9,99,9,99999,9,99,9,99,9",""
"22707099999","1901-03-16T12:00:00","4","68.9500000","33.0500000","51.0","MURMANSK SHOWCASE, RU","FM-12","99999","V020","196,1,N,0050,1","99999,9,9,N","012000,1,N,1","-0027,1","-0052,1","10128,1","08,99,1,99,9,99,9,99999,9,99,9,99,9",""
"01001099999","1901-03-16T18:00:00","4","70.9333333","-8.6666667","10.0","JAN MAYEN SHOWCASE, NO","FM-12","99999","V020","196,1,N,0050,1","99999,9,9,N","012000,1,N,1","-0021,1","-0046,1","10128,1","08,99,1,99,9,99,9,99999,9,99,9,99,9",""
"02907099999","1901-03-16T18:00:00","4","64.3333333","23.4500000","5.0","KALAJOKI ULKOKALLA SHOWCASE, FI","FM-12","99999","V020","196,1,N,0050,1","99999,9,9,N","012000,1,N,1","+0207,1","+0182,1","10128,1","08,99,1,99,9,99,9,99999,9,99,9,99,9",""
"02950099999","1901-03-16T18:00:00","4","61.8000000","24.3000000","112.0","TAMPERE SHOWCASE, FI","FM-12","99999","V020","196,1,N,0050,1","99999,9,9,N","012000,1,N,1","+0046,1","+0021,1","10128,1","08,99,1,99,9,99,9,99999,9,99,9,99,9",""
"22707099999","1901-03-16T18:00:00","4","68.9500000","33.0500000","51.0","MURMANSK SHOWCASE, RU","FM-12","99999","V020","196,1,N,0050,1","99999,9,9,N","012000,1,N,1","-0005,1","-0030,1","10128,1","08,99,1,99,9,99,9,99999,9,99,9,99,9",""
"01001099999","1901-03-18T00:00:00","4","70.9333333","-8.6666667","10.0","JAN MAYEN SHOWCASE, NO","FM-12","99999","V020","198,1,N,0050,1","99999,9,9,N","012000,1,N,1","-0057,1","-0082,1","10127,1","08,99,1,99,9,99,9,99999,9,99,9,99,9",""
"02907099999","1901-03-18T00:00:00","4","64.3333333","23.4500000","5.0","KALAJOKI ULKOKALLA SHOWCASE, FI","FM-12","99999","V020","198,1,N,0050,1","99999,9,9,N","012000,1,N,1","+0170,1","+0145,1","10127,1","08,99,1,99,9,99,9,99999,9,99,9,99,9",""
"02950099999","1901-03-18T00:00:00","4","61.8000000","24.3000000","112.0","TAMPERE SHOWCASE, FI","FM-12","99999","V020","198,1,N,0050,1","99999,9,9,N","012000,1,N,1","-0004,1","-0029,1","10127,1","08,99,1,99,9,99,9,99999,9,99,9,99,9",""
"22707099999","1901-03-18T00:00:00","4","68.9500000","33.0500000","51.0","MURMANSK SHOWCASE, RU","FM-12","99999","V020","198,1,N,0050,1","99999,9,9,N","012000,1,N,1","-0038,1","-0063,1","10127,1","08,99,1,99,9,99,9,99999,9,99,9,99,9",""
"01001099999","1901-03-18T06:00:00","4","70.9333333","-8.6666667","10.0","JAN MAYEN SHOWCASE, NO","FM-12","99999","V020","198,1,N,0050,1","99999,9,9,N","012000,1,N,1","-0032,1","-0057,1","10127,1","08,99,1,99,9,99,9,99999,9,99,9,99,9",""
"02907099999","1901-03-18T06:00:00","4","64.3333333","23.4500000","5.0","KALAJOKI ULKOKALLA SHOWCASE, FI","FM-12","99999","V020","198,1,N,0050,1","99999,9,9,N","012000,1,N,1","+0195,1","+0170,1","10127,1","08,99,1,99,9,99,9,99999,9,99,9,99,9",""
"02950099999","1901-03-18T06:00:00","4","61.8000000","24.3000000","112.0","TAMPERE SHOWCASE, FI","FM-12","99999","V020","198,1,N,0050,1","99999,9,9,N","012000,1,N,1","+0021,1","-0004,1","10127,1","08,99,1,99,9,99,9,99999,9,99,9,99,9",""
"22707099999","1901-03-18T06:00:00","4","68.9500000","33.0500000","51.0","MURMANSK SHOWCASE, RU","FM-12","99999","V020","198,1,N,0050,1","99999,9,9,N","012000,1,N,1","-0013,1","-0038,1","10127,1","08,99,1,99,9,99,9,99999,9,99,9,99,9",""
"01001099999","1901-03-18T12:00:00","4","70.9333333","-8.6666667","10.0","JAN MAYEN SHOWCASE, NO","FM-12","99999","V020","198,1,N,0050,1","99999,9,9,N","012000,1,N,1","-0039,1","-0064,1","10127,1","08,99,1,99,9,99,9,99999,9,99,9,99,9",""
"02907099999","1901-03-18T12:00:00","4","64.3333333","23.4500000","5.0","KALAJOKI ULKOKALLA SHOWCASE, FI","FM-12","99999","V020","198,1,N,0050,1","99999,9,9,N","012000,1,N,1","+0188,1","+0163,1","10127,1","08,99,1,99,9,99,9,99999,9,99,9,99,9",""
"02950099999","1901-03-18T12:00:00","4","61.8000000","24.3000000","112.0","TAMPERE SHOWCASE, FI","FM-12","99999","V020","198,1,N,0050,1","99999,9,9,N","012000,1,N,1","+0014,1","-0011,1","10127,1","08,99,1,99,9,99,9,99999,9,99,9,99,9",""
"22707099999","1901-03-18T12:00:00","4","68.9500000","33.0500000","51.0","MURMANSK SHOWCASE, RU","FM-12","99999","V020","198,1,N,0050,1","99999,9,9,N","012000,1,N,1","-0020,1","-0045,1","10127,1","08,99,1,99,9,99,9,99999,9,99,9,99,9",""
"01001099999","1901-03-18T18:00:00","4","70.9333333","-8.6666667","10.0","JAN MAYEN SHOWCASE, NO","FM-12","99999","V020","198,1,N,0080,1","99999,9,9,N","012000,1,N,1","-0039,1","-0064,1","10120,1","08,99,1,99,9,99,9,99999,9,99,9,99,9",""
"02907099999","1901-03-18T18:00:00","4","64.3333333","23.4500000","5.0","KALAJOKI ULKOKALLA SHOWCASE, FI","FM-12","99999","V020","198,1,N,0050,1","99999,9,9,N","012000,1,N,1","+0210,1","+0185,1","10127,1","08,99,1,99,9,99,9,99999,9,99,9,99,9",""
"02950099999","1901-03-18T18:00:00","4","61.8000000","24.3000000","112.0","TAMPERE SHOWCASE, FI","FM-12","99999","V020","198,1,N,0050,1","99999,9,9,N","012000,1,N,1","+0036,1","+0011,1","10127,1","08,99,1,99,9,99,9,99999,9,99,9,99,9",""
"22707099999","1901-03-18T18:00:00","4","68.9500000","33.0500000","51.0","MURMANSK SHOWCASE, RU","FM-12","99999","V020","198,1,N,0050,1","99999,9,9,N","012000,1,N,1","+0002,1","-0023,1","10127,1","08,99,1,99,9,99,9,99999,9,99,9,99,9",""
"01001099999","1901-03-18T19:00:00","4","70.9333333","-8.6666667","10.0","JAN MAYEN SHOWCASE, NO","FM-12","99999","V020","198,1,N,0242,1","99999,9,9,N","012000,1,N,1","-0039,1","-0064,1","10025,1","08,99,1,99,9,99,9,99999,9,99,9,99,9",""
"01001099999","1901-03-18T20:00:00","4","70.9333333","-8.6666667","10.0","JAN MAYEN SHOWCASE, NO","FM-12","99999","V020","198,1,N,0080,1","99999,9,9,N","012000,1,N,1","-0039,1","-0064,1","10035,1","08,99,1,99,9,99,9,99999,9,99,9,99,9",""
"01001099999","1901-03-20T00:00:00","4","70.9333333","-8.6666667","10.0","JAN MAYEN SHOWCASE, NO","FM-12","99999","V020","200,1,N,0050,1","99999,9,9,N","012000,1,N,1","-0053,1","-0078,1","10127,1","08,99,1,99,9,99,9,99999,9,99,9,99,9",""
"02907099999","1901-03-20T00:00:00","4","64.3333333","23.4500000","5.0","KALAJOKI ULKOKALLA SHOWCASE, FI","FM-12","99999","V020","200,1,N,0050,1","99999,9,9,N","012000,1,N,1","+0173,1","+0148,1","10127,1","08,99,1,99,9,99,9,99999,9,99,9,99,9",""
"02950099999","1901-03-20T00:00:00","4","61.8000000","24.3000000","112.0","TAMPERE SHOWCASE, FI","FM-12","99999","V020","200,1,N,0050,1","99999,9,9,N","012000,1,N,1","-0015,1","-0040,1","10127,1","08,99,1,99,9,99,9,99999,9,99,9,99,9",""
"22707099999","1901-03-20T00:00:00","4","68.9500000","33.0500000","51.0","MURMANSK SHOWCASE, RU","FM-12","99999","V020","200,1,N,0050,1","99999,9,9,N","012000,1,N,1","-0032,1","-0057,1","10127,1","08,99,1,99,9,99,9,99999,9,99,9,99,9",""
"01001099999","1901-03-20T06:00:00","4","70.9333333","-8.6666667","10.0","JAN MAYEN SHOWCASE, NO","FM-12","99999","V020","200,1,N,0050,1","99999,9,9,N","012000,1,N,1","-0028,1","-0053,1","10127,1","08,99,1,99,9,99,9,99999,9,99,9,99,9",""
"02907099999","1901-03-20T06:00:00","4","64.3333333","23.4500000","5.0","KALAJOKI ULKOKALLA SHOWCASE, FI","FM-12","99999","V020","200,1,N,0050,1","99999,9,9,N","012000,1,N,1","+0198,1","+0173,1","10127,1","08,99,1,99,9,99,9,99999,9,99,9,99,9",""
"02950099999","1901-03-20T06:00:00","4","61.8000000","24.3000000","112.0","TAMPERE SHOWCASE, FI","FM-12","99999","V020","200,1,N,0050,1","99999,9,9,N","012000,1,N,1","+0010,1","-0015,1","10127,1","08,99,1,99,9,99,9,99999,9,99,9,99,9",""
"22707099999","1901-03-20T06:00:00","4","68.9500000","33.0500000","51.0","MURMANSK SHOWCASE, RU","FM-12","99999","V020","200,1,N,0050,1","99999,9,9,N","012000,1,N,1","-0007,1","-0032,1","10127,1","08,99,1,99,9,99,9,99999,9,99,9,99,9",""
"01001099999","1901-03-20T12:00:00","4","70.9333333","-8.6666667","10.0","JAN MAYEN SHOWCASE, NO","FM-12","99999","V020","200,1,N,0050,1","99999,9,9,N","012000,1,N,1","-0035,1","-0060,1","10127,1","08,99,1,99,9,99,9,99999,9,99,9,99,9",""
"02907099999","1901-03-20T12:00:00","4","64.3333333","23.4500000","5.0","KALAJOKI ULKOKALLA SHOWCASE, FI","FM-12","99999","V020","200,1,N,0050,1","99999,9,9,N","012000,1,N,1","+0191,1","+0166,1","10127,1","08,99,1,99,9,99,9,99999,9,99,9,99,9",""
"02950099999","1901-03-20T12:00:00","4","61.8000000","24.3000000","112.0","TAMPERE SHOWCASE, FI","FM-12","99999","V020","200,1,N,0050,1","99999,9,9,N","012000,1,N,1","+0003,1","-0022,1","10127,1","08,99,1,99,9,99,9,99999,9,99,9,99,9",""
"22707099999","1901-03-20T12:00:00","4","68.9500000","33.0500000","51.0","MURMANSK SHOWCASE, RU","FM-12","99999","V020","200,1,N,0050,1","99999,9,9,N","012000,1,N,1","-0014,1","-0039,1","10127,1","08,99,1,99,9,99,9,99999,9,99,9,99,9",""
"01001099999","1901-03-20T18:00:00","4","70.9333333","-8.6666667","10.0","JAN MAYEN SHOWCASE, NO","FM-12","99999","V020","200,1,N,0050,1","99999,9,9,N","012000,1,N,1","-0013,1","-0038,1","10127,1","08,99,1,99,9,99,9,99999,9,99,9,99,9",""
"02907099999","1901-03-20T18:00:00","4","64.3333333","23.4500000","5.0","KALAJOKI ULKOKALLA SHOWCASE, FI","FM-12","99999","V020","200,1,N,0050,1","99999,9,9,N","012000,1,N,1","+0213,1","+0188,1","10127,1","08,99,1,99,9,99,9,99999,9,99,9,99,9",""
"02950099999","1901-03-20T18:00:00","4","61.8000000","24.3000000","112.0","TAMPERE SHOWCASE, FI","FM-12","99999","V020","200,1,N,0050,1","99999,9,9,N","012000,1,N,1","+0025,1","+0000,1","10127,1","08,99,1,99,9,99,9,99999,9,99,9,99,9",""
"22707099999","1901-03-20T18:00:00","4","68.9500000","33.0500000","51.0","MURMANSK SHOWCASE, RU","FM-12","99999","V020","200,1,N,0050,1","99999,9,9,N","012000,1,N,1","+0008,1","-0017,1","10127,1","08,99,1,99,9,99,9,99999,9,99,9,99,9",""
"01001099999","1901-03-22T00:00:00","4","70.9333333","-8.6666667","10.0","JAN MAYEN SHOWCASE, NO","FM-12","99999","V020","202,1,N,0050,1","99999,9,9,N","012000,1,N,1","-0048,1","-0073,1","10126,1","08,99,1,99,9,99,9,99999,9,99,9,99,9",""
"02907099999","1901-03-22T00:00:00","4","64.3333333","23.4500000","5.0","KALAJOKI ULKOKALLA SHOWCASE, FI","FM-12","99999","V020","202,1,N,0050,1","99999,9,9,N","012000,1,N,1","+0177,1","+0152,1","10126,1","08,99,1,99,9,99,9,99999,9,99,9,99,9",""
"02950099999","1901-03-22T00:00:00","4","61.8000000","24.3000000","112.0","TAMPERE SHOWCASE, FI","FM-12","99999","V020","202,1,N,0050,1","99999,9,9,N","012000,1,N,1","-0026,1","-0051,1","10126,1","08,99,1,99,9,99,9,99999,9,99,9,99,9",""
"22707099999","1901-03-22T00:00:00","4","68.9500000","33.0500000","51.0","MURMANSK SHOWCASE, RU","FM-12","99999","V020","202,1,N,0050,1","99999,9,9,N","012000,1,N,1","-0025,1","-0050,1","10126,1","08,99,1,99,9,99,9,99999,9,99,9,99,9",""
"01001099999","1901-03-22T06:00:00","4","70.9333333","-8.6666667","10.0","JAN MAYEN SHOWCASE, NO","FM-12","99999","V020","202,1,N,0050,1","99999,9,9,N","012000,1,N,1","-0023,1","-0048,1","10126,1","08,99,1,99,9,99,9,99999,9,99,9,99,9",""
"02907099999","1901-03-22T06:00:00","4","64.3333333","23.4500000","5.0","KALAJOKI ULKOKALLA SHOWCASE, FI","FM-12","99999","V020","202,1,N,0050,1","99999,9,9,N","012000,1,N,1","+0202,1","+0177,1","10126,1","08,99,1,99,9,99,9,99999,9,99,9,99,9",""
"02950099999","1901-03-22T06:00:00","4","61.8000000","24.3000000","112.0","TAMPERE SHOWCASE, FI","FM-12","99999","V020","202,1,N,0050,1","99999,9,9,N","012000,1,N,1","-0001,1","-0026,1","10126,1","08,99,1,99,9,99,9,99999,9,99,9,99,9",""
"22707099999","1901-03-22T06:00:00","4","68.9500000","33.0500000","51.0","MURMANSK SHOWCASE, RU","FM-12","99999","V020","202,1,N,0050,1","99999,9,9,N","012000,1,N,1","+0000,1","-0025,1","10126,1","08,99,1,99,9,99,9,99999,9,99,9,99,9",""
"01001099999","1901-03-22T12:00:00","4","70.9333333","-8.6666667","10.0","JAN MAYEN SHOWCASE, NO","FM-12","99999","V020","202,1,N,0050,1","99999,9,9,N","012000,1,N,1","-0030,1","-0055,1","10126,1","08,99,1,99,9,99,9,99999,9,99,9,99,9",""
"02907099999","1901-03-22T12:00:00","4","64.3333333","23.4500000","5.0","KALAJOKI ULKOKALLA SHOWCASE, FI","FM-12","99999","V020","202,1,N,0050,1","99999,9,9,N","012000,1,N,1","+0195,1","+0170,1","10126,1","08,99,1,99,9,99,9,99999,9,99,9,99,9",""
"02950099999","1901-03-22T12:00:00","4","61.8000000","24.3000000","112.0","TAMPERE SHOWCASE, FI","FM-12","99999","V020","202,1,N,0050,1","99999,9,9,N","012000,1,N,1","-0008,1","-0033,1","10126,1","08,99,1,99,9,99,9,99999,9,99,9,99,9",""
"22707099999","1901-03-22T12:00:00","4","68.9500000","33.0500000","51.0","MURMANSK SHOWCASE, RU","FM-12","99999","V020","202,1,N,0050,1","99999,9,9,N","012000,1,N,1","-0007,1","-0032,1","10126,1","08,99,1,99,9,99,9,99999,9,99,9,99,9",""
"01001099999","1901-03-22T18:00:00","4","70.9333333","-8.6666667","10.0","JAN MAYEN SHOWCASE, NO","FM-12","99999","V020","202,1,N,0050,1","99999,9,9,N","012000,1,N,1","-0008,1","-0033,1","10126,1","08,99,1,99,9,99,9,99999,9,99,9,99,9",""
"02907099999","1901-03-22T18:00:00","4","64.3333333","23.4500000","5.0","KALAJOKI ULKOKALLA SHOWCASE, FI","FM-12","99999","V020","202,1,N,0050,1","99999,9,9,N","012000,1,N,1","+0217,1","+0192,1","10126,1","08,99,1,99,9,99,9,99999,9,99,9,99,9",""
"02950099999","1901-03-22T18:00:00","4","61.8000000","24.3000000","112.0","TAMPERE SHOWCASE, FI","FM-12","99999","V020","202,1,N,0050,1","99999,9,9,N","012000,1,N,1","+0014,1","-0011,1","10126,1","08,99,1,99,9,99,9,99999,9,99,9,99,9",""
"22707099999","1901-03-22T18:00:00","4","68.9500000","33.0500000","51.0","MURMANSK SHOWCASE, RU","FM-12","99999","V020","202,1,N,0050,1","99999,9,9,N","012000,1,N,1","+0015,1","-0010,1","10126,1","08,99,1,99,9,99,9,99999,9,99,9,99,9",""
"01001099999","1901-03-24T00:00:00","4","70.9333333","-8.6666667","10.0","JAN MAYEN SHOWCASE, NO","FM-12","99999","V020","204,1,N,0050,1","99999,9,9,N","012000,1,N,1","-0043,1","-0068,1","10125,1","08,99,1,99,9,99,9,99999,9,99,9,99,9",""
"02907099999","1901-03-24T00:00:00","4","64.3333333","23.4500000","5.0","KALAJOKI ULKOKALLA SHOWCASE, FI","FM-12","99999","V020","204,1,N,0050,1","99999,9,9,N","012000,1,N,1","+0181,1","+0156,1","10125,1","08,99,1,99,9,99,9,99999,9,99,9,99,9",""
"02950099999","1901-03-24T00:00:00","4","61.8000000","24.3000000","112.0","TAMPERE SHOWCASE, FI","FM-12","99999","V020","204,1,N,0050,1","99999,9,9,N","012000,1,N,1","-0037,1","-0062,1","10125,1","08,99,1,99,9,99,9,99999,9,99,9,99,9",""
"22707099999","1901-03-24T00:00:00","4","68.9500000","33.0500000","51.0","MURMANSK SHOWCASE, RU","FM-12","99999","V020","204,1,N,0050,1","99999,9,9,N","012000,1,N,1","-0018,1","-0043,1","10125,1","08,99,1,99,9,99,9,99999,9,99,9,99,9",""
"01001099999","1901-03-24T06:00:00","4","70.9333333","-8.6666667","10.0","JAN MAYEN SHOWCASE, NO","FM-12","99999","V020","204,1,N,0050,1","99999,9,9,N","012000,1,N,1","-0018,1","-0043,1","10125,1","08,99,1,99,9,99,9,99999,9,99,9,99,9",""
"02907099999","1901-03-24T06:00:00","4","64.3333333","23.4500000","5.0","KALAJOKI ULKOKALLA SHOWCASE, FI","FM-12","99999","V020","204,1,N,0050,1","99999,9,9,N","012000,1,N,1","+0206,1","+0181,1","10125,1","08,99,1,99,9,99,9,99999,9,99,9,99,9",""
"02950099999","1901-03-24T06:00:00","4","61.8000000","24.3000000","112.0","TAMPERE SHOWCASE, FI","FM-12","99999","V020","204,1,N,0050,1","99999,9,9,N","012000,1,N,1","-0012,1","-0037,1","10125,1","08,99,1,99,9,99,9,99999,9,99,9,99,9",""
"22707099999","1901-03-24T06:00:00","4","68.9500000","33.0500000","51.0","MURMANSK SHOWCASE, RU","FM-12","99999","V020","204,1,N,0050,1","99999,9,9,N","012000,1,N,1","+0007,1","-0018,1","10125,1","08,99,1,99,9,99,9,99999,9,99,9,99,9",""
"01001099999","1901-03-24T12:00:00","4","70.9333333","-8.6666667","10.0","JAN MAYEN SHOWCASE, NO","FM-12","99999","V020","204,1,N,0050,1","99999,9,9,N","012000,1,N,1","-0025,1","-0050,1","10125,1","08,99,1,99,9,99,9,99999,9,99,9,99,9",""
"02907099999","1901-03-24T12:00:00","4","64.3333333","23.4500000","5.0","KALAJOKI ULKOKALLA SHOWCASE, FI","FM-12","99999","V020","204,1,N,0050,1","99999,9,9,N","012000,1,N,1","+0199,1","+0174,1","10125,1","08,99,1,99,9,99,9,99999,9,99,9,99,9",""
"02950099999","1901-03-24T12:00:00","4","61.8000000","24.3000000","112.0","TAMPERE SHOWCASE, FI","FM-12","99999","V020","204,1,N,0050,1","99999,9,9,N","012000,1,N,1","-0019,1","-0044,1","10125,1","08,99,1,99,9,99,9,99999,9,99,9,99,9",""
"22707099999","1901-03-24T12:00:00","4","68.9500000","33.0500000","51.0","MURMANSK SHOWCASE, RU","FM-12","99999","V020","204,1,N,0050,1","99999,9,9,N","012000,1,N,1","+0000,1","-0025,1","10125,1","08,99,1,99,9,99,9,99999,9,99,9,99,9",""
"01001099999","1901-03-24T18:00:00","4","70.9333333","-8.6666667","10.0","JAN MAYEN SHOWCASE, NO","FM-12","99999","V020","204,1,N,0050,1","99999,9,9,N","012000,1,N,1","-0003,1","-0028,1","10125,1","08,99,1,99,9,99,9,99999,9,99,9,99,9",""
"02907099999","1901-03-24T18:00:00","4","64.3333333","23.4500000","5.0","KALAJOKI ULKOKALLA SHOWCASE, FI","FM-12","99999","V020","204,1,N,0050,1","99999,9,9,N","012000,1,N,1","+0221,1","+0196,1","10125,1","08,99,1,99,9,99,9,99999,9,99,9,99,9",""
"02950099999","1901-03-24T18:00:00","4","61.8000000","24.3000000","112.0","TAMPERE SHOWCASE, FI","FM-12","99999","V020","204,1,N,0050,1","99999,9,9,N","012000,1,N,1","+0003,1","-0022,1","10125,1","08,99,1,99,9,99,9,99999,9,99,9,99,9",""
"22707099999","1901-03-24T18:00:00","4","68.9500000","33.0500000","51.0","MURMANSK SHOWCASE, RU","FM-12","99999","V020","204,1,N,0050,1","99999,9,9,N","012000,1,N,1","+0022,1","-0003,1","10125,1","08,99,1,99,9,99,9,99999,9,99,9,99,9",""
"01001099999","1901-03-26T00:00:00","4","70.9333333","-8.6666667","10.0","JAN MAYEN SHOWCASE, NO","FM-12","99999","V020","206,1,N,0050,1","99999,9,9,N","012000,1,N,1","-0038,1","-0063,1","10125,1","08,99,1,99,9,99,9,99999,9,99,9,99,9",""
"02907099999","1901-03-26T00:00:00","4","64.3333333","23.4500000","5.0","KALAJOKI ULKOKALLA SHOWCASE, FI","FM-12","99999","V020","206,1,N,0050,1","99999,9,9,N","012000,1,N,1","+0186,1","+0161,1","10125,1","08,99,1,99,9,99,9,99999,9,99,9,99,9",""
"02950099999","1901-03-26T00:00:00","4","61.8000000","24.3000000","112.0","TAMPERE SHOWCASE, FI","FM-12","99999","V020","206,1,N,0050,1","99999,9,9,N","012000,1,N,1","-0048,1","-0073,1","10125,1","08,99,1,99,9,99,9,99999,9,99,9,99,9",""
"22707099999","1901-03-26T00:00:00","4","68.9500000","33.0500000","51.0","MURMANSK SHOWCASE, RU","FM-12","99999","V020","206,1,N,0050,1","99999,9,9,N","012000,1,N,1","-0012,1","-0037,1","10125,1","08,99,1,99,9,99,9,99999,9,99,9,99,9",""
"01001099999","1901-03-26T06:00:00","4","70.9333333","-8.6666667","10.0","JAN MAYEN SHOWCASE, NO","FM-12","99999","V020","206,1,N,0050,1","99999,9,9,N","012000,1,N,1","-0013,1","-0038,1","10125,1","08,99,1,99,9,99,9,99999,9,99,9,99,9",""
"02907099999","1901-03-26T06:00:00","4","64.3333333","23.4500000","5.0","KALAJOKI ULKOKALLA SHOWCASE, FI","FM-12","99999","V020","206,1,N,0050,1","99999,9,9,N","012000,1,N,1","+0211,1","+0186,1","10125,1","08,99,1,99,9,99,9,99999,9,99,9,99,9",""
"02950099999","1901-03-26T06:00:00","4","61.8000000","24.3000000","112.0","TAMPERE SHOWCASE, FI","FM-12","99999","V020","206,1,N,0050,1","99999,9,9,N","012000,1,N,1","-0023,1","-0048,1","10125,1","08,99,1,99,9,99,9,99999,9,99,9,99,9",""
"22707099999","1901-03-26T06:00:00","4","68.9500000","33.0500000","51.0","MURMANSK SHOWCASE, RU","FM-12","99999","V020","206,1,N,0050,1","99999,9,9,N","012000,1,N,1","+0013,1","-0012,1","10125,1","08,99,1,99,9,99,9,99999,9,99,9,99,9",""
"01001099999","1901-03-26T12:00:00","4","70.9333333","-8.6666667","10.0","JAN MAYEN SHOWCASE, NO","FM-12","99999","V020","206,1,N,0050,1","99999,9,9,N","012000,1,N,1","-0020,1","-0045,1","10125,1","08,99,1,99,9,99,9,99999,9,99,9,99,9",""
"02907099999","1901-03-26T12:00:00","4","64.3333333","23.4500000","5.0","KALAJOKI ULKOKALLA SHOWCASE, FI","FM-12","99999","V020","206,1,N,0050,1","99999,9,9,N","012000,1,N,1","+0204,1","+0179,1","10125,1","08,99,1,99,9,99,9,99999,9,99,9,99,9",""
"02950099999","1901-03-26T12:00:00","4","61.8000000","24.3000000","112.0","TAMPERE SHOWCASE, FI","FM-12","99999","V020","206,1,N,0050,1","99999,9,9,N","012000,1,N,1","-0030,1","-0055,1","10125,1","08,99,1,99,9,99,9,99999,9,99,9,99,9",""
"22707099999","1901-03-26T12:00:00","4","68.9500000","33.0500000","51.0","MURMANSK SHOWCASE, RU","FM-12","99999","V020","206,1,N,0050,1","99999,9,9,N","012000,1,N,1","+0006,1","-0019,1","10125,1","08,99,1,99,9,99,9,99999,9,99,9,99,9",""
"01001099999","1901-03-26T18:00:00","4","70.9333333","-8.6666667","10.0","JAN MAYEN SHOWCASE, NO","FM-12","99999","V020","206,1,N,0050,1","99999,9,9,N","012000,1,N,1","+0002,1","-0023,1","10125,1","08,99,1,99,9,99,9,99999,9,99,9,99,9",""
"02907099999","1901-03-26T18:00:00","4","64.3333333","23.4500000","5.0","KALAJOKI ULKOKALLA SHOWCASE, FI","FM-12","99999","V020","206,1,N,0050,1","99999,9,9,N","012000,1,N,1","+0226,1","+0201,1","10125,1","08,99,1,99,9,99,9,99999,9,99,9,99,9",""
"02950099999","1901-03-26T18:00:00","4","61.8000000","24.3000000","112.0","TAMPERE SHOWCASE, FI","FM-12","99999","V020","206,1,N,0050,1","99999,9,9,N","012000,1,N,1","-0008,1","-0033,1","10125,1","08,99,1,99,9,99,9,99999,9,99,9,99,9",""
"22707099999","1901-03-26T18:00:00","4","68.9500000","33.0500000","51.0","MURMANSK SHOWCASE, RU","FM-12","99999","V020","206,1,N,0050,1","99999,9,9,N","012000,1,N,1","+0028,1","+0003,1","10125,1","08,99,1,99,9,99,9,99999,9,99,9,99,9",""
"01001099999","1901-03-28T00:00:00","4","70.9333333","-8.6666667","10.0","JAN MAYEN SHOWCASE, NO","FM-12","99999","V020","208,1,N,0050,1","99999,9,9,N","012000,1,N,1","-0032,1","-0057,1","10124,1","08,99,1,99,9,99,9,99999,9,99,9,99,9",""
"02907099999","1901-03-28T00:00:00","4","64.3333333","23.4500000","5.0","KALAJOKI ULKOKALLA SHOWCASE, FI","FM-12","99999","V020","208,1,N,0050,1","99999,9,9,N","012000,1,N,1","+0191,1","+0166,1","10124,1","08,99,1,99,9,99,9,99999,9,99,9,99,9",""
"02950099999","1901-03-28T00:00:00","4","61.8000000","24.3000000","112.0","TAMPERE SHOWCASE, FI","FM-12","99999","V020","208,1,N,0050,1","99999,9,9,N","012000,1,N,1","-0059,1","-0084,1","10124,1","08,99,1,99,9,99,9,99999,9,99,9,99,9",""
"22707099999","1901-03-28T00:00:00","4","68.9500000","33.0500000","51.0","MURMANSK SHOWCASE, RU","FM-12","99999","V020","208,1,N,0050,1","99999,9,9,N","012000,1,N,1","-0006,1","-0031,1","10124,1","08,99,1,99,9,99,9,99999,9,99,9,99,9",""
"01001099999","1901-03-28T06:00:00","4","70.9333333","-8.6666667","10.0","JAN MAYEN SHOWCASE, NO","FM-12","99999","V020","208,1,N,0050,1","99999,9,9,N","012000,1,N,1","-0007,1","-0032,1","10124,1","08,99,1,99,9,99,9,99999,9,99,9,99,9",""
"02907099999","1901-03-28T06:00:00","4","64.3333333","23.4500000","5.0","KALAJOKI ULKOKALLA SHOWCASE, FI","FM-12","99999","V020","208,1,N,0050,1","99999,9,9,N","012000,1,N,1","+0216,1","+0191,1","10124,1","08,99,1,99,9,99,9,99999,9,99,9,99,9",""
"02950099999","1901-03-28T06:00:00","4","61.8000000","24.3000000","112.0","TAMPERE SHOWCASE, FI","FM-12","99999","V020","208,1,N,0050,1","99999,9,9,N","012000,1,N,1","-0034,1","-0059,1","10124,1","08,99,1,99,9,99,9,99999,9,99,9,99,9",""
"22707099999","1901-03-28T06:00:00","4","68.9500000","33.0500000","51.0","MURMANSK SHOWCASE, RU","FM-12","99999","V020","208,1,N,0050,1","99999,9,9,N","012000,1,N,1","+0019,1","-0006,1","10124,1","08,99,1,99,9,99,9,99999,9,99,9,99,9",""
"01001099999","1901-03-28T12:00:00","4","70.9333333","-8.6666667","10.0","JAN MAYEN SHOWCASE, NO","FM-12","99999","V020","208,1,N,0050,1","99999,9,9,N","012000,1,N,1","-0014,1","-0039,1","10124,1","08,99,1,99,9,99,9,99999,9,99,9,99,9",""
"02907099999","1901-03-28T12:00:00","4","64.3333333","23.4500000","5.0","KALAJOKI ULKOKALLA SHOWCASE, FI","FM-12","99999","V020","208,1,N,0050,1","99999,9,9,N","012000,1,N,1","+0209,1","+0184,1","10124,1","08,99,1,99,9,99,9,99999,9,99,9,99,9",""
"02950099999","1901-03-28T12:00:00","4","61.8000000","24.3000000","112.0","TAMPERE SHOWCASE, FI","FM-12","99999","V020","208,1,N,0050,1","99999,9,9,N","012000,1,N,1","-0041,1","-0066,1","10124,1","08,99,1,99,9,99,9,99999,9,99,9,99,9",""
"22707099999","1901-03-28T12:00:00","4","68.9500000","33.0500000","51.0","MURMANSK SHOWCASE, RU","FM-12","99999","V020","208,1,N,0050,1","99999,9,9,N","012000,1,N,1","+0012,1","-0013,1","10124,1","08,99,1,99,9,99,9,99999,9,99,9,99,9",""
"01001099999","1901-03-28T18:00:00","4","70.9333333","-8.6666667","10.0","JAN MAYEN SHOWCASE, NO","FM-12","99999","V020","208,1,N,0050,1","99999,9,9,N","012000,1,N,1","+0008,1","-0017,1","10124,1","08,99,1,99,9,99,9,99999,9,99,9,99,9",""
"02907099999","1901-03-28T18:00:00","4","64.3333333","23.4500000","5.0","KALAJOKI ULKOKALLA SHOWCASE, FI","FM-12","99999","V020","208,1,N,0050,1","99999,9,9,N","012000,1,N,1","+0231,1","+0206,1","10124,1","08,99,1,99,9,99,9,99999,9,99,9,99,9",""
"02950099999","1901-03-28T18:00:00","4","61.8000000","24.3000000","112.0","TAMPERE SHOWCASE, FI","FM-12","99999","V020","208,1,N,0050,1","99999,9,9,N","012000,1,N,1","-0019,1","-0044,1","10124,1","08,99,1,99,9,99,9,99999,9,99,9,99,9",""
"22707099999","1901-03-28T18:00:00","4","68.9500000","33.0500000","51.0","MURMANSK SHOWCASE, RU","FM-12","99999","V020","208,1,N,0050,1","99999,9,9,N","012000,1,N,1","+0034,1","+0009,1","10124,1","08,99,1,99,9,99,9,99999,9,99,9,99,9",""
"01001099999","1901-03-30T00:00:00","4","70.9333333","-8.6666667","10.0","JAN MAYEN SHOWCASE, NO","FM-12","99999","V020","210,1,N,0050,1","99999,9,9,N","012000,1,N,1","-0026,1","-0051,1","10124,1","08,99,1,99,9,99,9,99999,9,99,9,99,9",""
"02907099999","1901-03-30T00:00:00","4","64.3333333","23.4500000","5.0","KALAJOKI ULKOKALLA SHOWCASE, FI","FM-12","99999","V020","210,1,N,0050,1","99999,9,9,N","012000,1,N,1","+0198,1","+0173,1","10124,1","08,99,1,99,9,99,9,99999,9,99,9,99,9",""
"02950099999","1901-03-30T00:00:00","4","61.8000000","24.3000000","112.0","TAMPERE SHOWCASE, FI","FM-12","99999","V020","210,1,N,0050,1","99999,9,9,N","012000,1,N,1","-0071,1","-0096,1","10124,1","08,99,1,99,9,99,9,99999,9,99,9,99,9",""
"22707099999","1901-03-30T00:00:00","4","68.9500000","33.0500000","51.0","MURMANSK SHOWCASE, RU","FM-12","99999","V020","210,1,N,0050,1","99999,9,9,N","012000,1,N,1","-0001,1","-0026,1","10124,1","08,99,1,99,9,99,9,99999,9,99,9,99,9",""
"01001099999","1901-03-30T06:00:00","4","70.9333333","-8.6666667","10.0","JAN MAYEN SHOWCASE, NO","FM-12","99999","V020","210,1,N,0050,1","99999,9,9,N","012000,1,N,1","-0001,1","-0026,1","10124,1","08,99,1,99,9,99,9,99999,9,99,9,99,9",""
"02907099999","1901-03-30T06:00:00","4","64.3333333","23.4500000","5.0","KALAJOKI ULKOKALLA SHOWCASE, FI","FM-12","99999","V020","210,1,N,0050,1","99999,9,9,N","012000,1,N,1","+0223,1","+0198,1","10124,1","08,99,1,99,9,99,9,99999,9,99,9,99,9",""
"02950099999","1901-03-30T06:00:00","4","61.8000000","24.3000000","112.0","TAMPERE SHOWCASE, FI","FM-12","99999","V020","210,1,N,0050,1","99999,9,9,N","012000,1,N,1","-0046,1","-0071,1","10124,1","08,99,1,99,9,99,9,99999,9,99,9,99,9",""
"22707099999","1901-03-30T06:00:00","4","68.9500000","33.0500000","51.0","MURMANSK SHOWCASE, RU","FM-12","99999","V020","210,1,N,0050,1","99999,9,9,N","012000,1,N,1","+0024,1","-0001,1","10124,1","08,99,1,99,9,99,9,99999,9,99,9,99,9",""
"01001099999","1901-03-30T12:00:00","4","70.9333333","-8.6666667","10.0","JAN MAYEN SHOWCASE, NO","FM-12","99999","V020","210,1,N,0050,1","99999,9,9,N","012000,1,N,1","-0008,1","-0033,1","10124,1","08,99,1,99,9,99,9,99999,9,99,9,99,9",""
"02907099999","1901-03-30T12:00:00","4","64.3333333","23.4500000","5.0","KALAJOKI ULKOKALLA SHOWCASE, FI","FM-12","99999","V020","210,1,N,0050,1","99999,9,9,N","012000,1,N,1","+0216,1","+0191,1","10124,1","08,99,1,99,9,99,9,99999,9,99,9,99,9",""
"02950099999","1901-03-30T12:00:00","4","61.8000000","24.3000000","112.0","TAMPERE SHOWCASE, FI","FM-12","99999","V020","210,1,N,0050,1","99999,9,9,N","012000,1,N,1","-0053,1","-0078,1","10124,1","08,99,1,99,9,99,9,99999,9,99,9,99,9",""
"22707099999","1901-03-30T12:00:00","4","68.9500000","33.0500000","51.0","MURMANSK SHOWCASE, RU","FM-12","99999","V020","210,1,N,0050,1","99999,9,9,N","012000,1,N,1","+0017,1","-0008,1","10124,1","08,99,1,99,9,99,9,99999,9,99,9,99,9",""
"01001099999","1901-03-30T18:00:00","4","70.9333333","-8.6666667","10.0","JAN MAYEN SHOWCASE, NO","FM-12","99999","V020","210,1,N,0050,1","99999,9,9,N","012000,1,N,1","+0014,1","-0011,1","10124,1","08,99,1,99,9,99,9,99999,9,99,9,99,9",""
"02907099999","1901-03-30T18:00:00","4","64.3333333","23.4500000","5.0","KALAJOKI ULKOKALLA SHOWCASE, FI","FM-12","99999","V020","210,1,N,0050,1","99999,9,9,N","012000,1,N,1","+0238,1","+0213,1","10124,1","08,99,1,99,9,99,9,99999,9,99,9,99,9",""
"02950099999","1901-03-30T18:00:00","4","61.8000000","24.3000000","112.0","TAMPERE SHOWCASE, FI","FM-12","99999","V020","210,1,N,0050,1","99999,9,9,N","012000,1,N,1","-0031,1","-0056,1","10124,1","08,99,1,99,9,99,9,99999,9,99,9,99,9",""
"22707099999","1901-03-30T18:00:00","4","68.9500000","33.0500000","51.0","MURMANSK SHOWCASE, RU","FM-12","99999","V020","210,1,N,0050,1","99999,9,9,N","012000,1,N,1","+0039,1","+0014,1","10124,1","08,99,1,99,9,99,9,99999,9,99,9,99,9",""
