STATION,DATE,LATITUDE,LONGITUDE,temperature,wind_speed
1001099999,2025-01-01T00:00:00,70.9333333,-8.6666667,-4.2,7.0
1001099999,2025-01-01T03:00:00,70.9333333,-8.6666667,-5.2,9.0
1001099999,2025-01-01T06:00:00,70.9333333,-8.6666667,-5.3,11.0
1001099999,2025-01-01T09:00:00,70.9333333,-8.6666667,-7.4,14.0
1001099999,2025-01-01T12:00:00,70.9333333,-8.6666667,-9.6,11.0
1001099999,2025-01-01T15:00:00,70.9333333,-8.6666667,-10.5,12.0
1001099999,2025-01-01T18:00:00,70.9333333,-8.6666667,-11.2,11.6
1001099999,2025-01-01T21:00:00,70.9333333,-8.6666667,-11.7,10.4
1001099999,2025-01-02T00:00:00,70.9333333,-8.6666667,-11.7,10.1
1001099999,2025-01-02T03:00:00,70.9333333,-8.6666667,-12.9,10.8
1001099999,2025-01-02T06:00:00,70.9333333,-8.6666667,-12.9,10.0
1001099999,2025-01-02T08:00:00,70.9333333,-8.6666667,-12.2,13.1
1001099999,2025-01-02T09:00:00,70.9333333,-8.6666667,-12.1,12.0
1001099999,2025-01-02T12:00:00,70.9333333,-8.6666667,-10.5,13.0
1001099999,2025-01-02T15:00:00,70.9333333,-8.6666667,-9.8,12.0
1001099999,2025-01-02T18:00:00,70.9333333,-8.6666667,-9.2,15.0
1001099999,2025-01-02T21:00:00,70.9333333,-8.6666667,-8.7,14.1
1001099999,2025-01-03T00:00:00,70.9333333,-8.6666667,-8.5,15.9
1001099999,2025-01-03T03:00:00,70.9333333,-8.6666667,-7.4,13.9
1001099999,2025-01-03T06:00:00,70.9333333,-8.6666667,-7.0,12.0
1001099999,2025-01-03T09:00:00,70.9333333,-8.6666667,-6.5,13.0
1001099999,2025-01-03T12:00:00,70.9333333,-8.6666667,-5.9,13.0
1001099999,2025-01-03T15:00:00,70.9333333,-8.6666667,-5.1,11.0
1001099999,2025-01-03T18:00:00,70.9333333,-8.6666667,-5.2,11.0
1001099999,2025-01-03T21:00:00,70.9333333,-8.6666667,-4.5,11.3
1001099999,2025-01-04T00:00:00,70.9333333,-8.6666667,-4.9,9.8
1001099999,2025-01-04T03:00:00,70.9333333,-8.6666667,-5.2,12.4
1001099999,2025-01-04T06:00:00,70.9333333,-8.6666667,-5.3,8.0
1001099999,2025-01-04T09:00:00,70.9333333,-8.6666667,-5.4,8.0
1001099999,2025-01-04T12:00:00,70.9333333,-8.6666667,-5.1,9.0
1001099999,2025-01-04T15:00:00,70.9333333,-8.6666667,-5.8,11.0
1001099999,2025-01-04T18:00:00,70.9333333,-8.6666667,-6.0,12.6
1001099999,2025-01-04T21:00:00,70.9333333,-8.6666667,-6.5,9.8
1001099999,2025-01-05T00:00:00,70.9333333,-8.6666667,-6.0,13.5
1001099999,2025-01-05T03:00:00,70.9333333,-8.6666667,-5.0,10.4
1001099999,2025-01-05T06:00:00,70.9333333,-8.6666667,-3.4,12.0
1001099999,2025-01-05T09:00:00,70.9333333,-8.6666667,-2.8,13.0
1001099999,2025-01-05T12:00:00,70.9333333,-8.6666667,-2.7,12.0
1001099999,2025-01-05T15:00:00,70.9333333,-8.6666667,-2.7,10.0
1001099999,2025-01-05T18:00:00,70.9333333,-8.6666667,-0.9,12.3
1001099999,2025-01-05T21:00:00,70.9333333,-8.6666667,-1.0,14.9
1001099999,2025-01-06T00:00:00,70.9333333,-8.6666667,-0.2,12.8
1001099999,2025-01-06T03:00:00,70.9333333,-8.6666667,-0.4,8.6
1001099999,2025-01-06T06:00:00,70.9333333,-8.6666667,-1.0,6.0
1001099999,2025-01-06T09:00:00,70.9333333,-8.6666667,-1.6,11.0
1001099999,2025-01-06T12:00:00,70.9333333,-8.6666667,-1.8,8.0
1001099999,2025-01-06T15:00:00,70.9333333,-8.6666667,-2.3,4.0
1001099999,2025-01-06T18:00:00,70.9333333,-8.6666667,-2.5,7.5
1001099999,2025-01-06T21:00:00,70.9333333,-8.6666667,-3.0,4.7
1001099999,2025-01-07T00:00:00,70.9333333,-8.6666667,-2.9,6.7
1001099999,2025-01-07T03:00:00,70.9333333,-8.6666667,-3.0,7.2
1001099999,2025-01-07T06:00:00,70.9333333,-8.6666667,-3.4,5.0
1001099999,2025-01-07T09:00:00,70.9333333,-8.6666667,-4.1,5.0
1001099999,2025-01-07T12:00:00,70.9333333,-8.6666667,-2.9,7.0
1001099999,2025-01-07T15:00:00,70.9333333,-8.6666667,-3.4,9.0
1001099999,2025-01-07T18:00:00,70.9333333,-8.6666667,-2.5,11.9
1001099999,2025-01-08T00:00:00,70.9333333,-8.6666667,-1.9,9.0
1001099999,2025-01-08T03:00:00,70.9333333,-8.6666667,-2.5,8.0
1001099999,2025-01-08T06:00:00,70.9333333,-8.6666667,-3.4,7.0
1001099999,2025-01-08T09:00:00,70.9333333,-8.6666667,-3.4,7.0
1001099999,2025-01-08T12:00:00,70.9333333,-8.6666667,-4.4,7.0
1001099999,2025-01-08T15:00:00,70.9333333,-8.6666667,-5.3,4.0
1001099999,2025-01-08T18:00:00,70.9333333,-8.6666667,-6.2,2.4
1001099999,2025-01-08T21:00:00,70.9333333,-8.6666667,-6.2,1.6
1001099999,2025-01-09T00:00:00,70.9333333,-8.6666667,-6.2,1.2
1001099999,2025-01-09T03:00:00,70.9333333,-8.6666667,-4.5,2.1
1001099999,2025-01-09T06:00:00,70.9333333,-8.6666667,-2.2,6.0
1001099999,2025-01-09T09:00:00,70.9333333,-8.6666667,-2.0,5.0
1001099999,2025-01-09T12:00:00,70.9333333,-8.6666667,-1.5,5.0
1001099999,2025-01-09T15:00:00,70.9333333,-8.6666667,-0.7,4.0
1001099999,2025-01-09T18:00:00,70.9333333,-8.6666667,-2.5,5.5
1001099999,2025-01-10T00:00:00,70.9333333,-8.6666667,-7.2,13.0
1001099999,2025-01-10T03:00:00,70.9333333,-8.6666667,-9.0,10.6
1001099999,2025-01-10T06:00:00,70.9333333,-8.6666667,-10.4,9.0
1001099999,2025-01-10T09:00:00,70.9333333,-8.6666667,-11.6,8.0
1001099999,2025-01-10T11:00:00,70.9333333,-8.6666667,-12.7,6.7
1001099999,2025-01-10T12:00:00,70.9333333,-8.6666667,-12.9,7.0
1001099999,2025-01-10T15:00:00,70.9333333,-8.6666667,-12.7,2.0
1001099999,2025-01-10T18:00:00,70.9333333,-8.6666667,-12.5,3.0
1001099999,2025-01-10T21:00:00,70.9333333,-8.6666667,-12.2,1.3
1001099999,2025-01-11T00:00:00,70.9333333,-8.6666667,-11.9,1.9
1001099999,2025-01-11T03:00:00,70.9333333,-8.6666667,-11.7,0.9
1001099999,2025-01-11T06:00:00,70.9333333,-8.6666667,-11.0,3.0
1001099999,2025-01-11T09:00:00,70.9333333,-8.6666667,-11.1,1.0
1001099999,2025-01-11T12:00:00,70.9333333,-8.6666667,-10.7,2.0
1001099999,2025-01-11T15:00:00,70.9333333,-8.6666667,-10.4,2.0
1001099999,2025-01-11T18:00:00,70.9333333,-8.6666667,-10.0,0.7
1001099999,2025-01-11T21:00:00,70.9333333,-8.6666667,-9.0,2.2
1001099999,2025-01-12T00:00:00,70.9333333,-8.6666667,-8.2,2.2
1001099999,2025-01-12T03:00:00,70.9333333,-8.6666667,-6.4,3.8
1001099999,2025-01-12T06:00:00,70.9333333,-8.6666667,-5.4,6.0
1001099999,2025-01-12T09:00:00,70.9333333,-8.6666667,-4.7,9.0
1001099999,2025-01-12T12:00:00,70.9333333,-8.6666667,-3.8,8.0
1001099999,2025-01-12T15:00:00,70.9333333,-8.6666667,-2.4,11.0
1001099999,2025-01-12T18:00:00,70.9333333,-8.6666667,-0.2,13.3
1001099999,2025-01-12T21:00:00,70.9333333,-8.6666667,0.2,12.8
1001099999,2025-01-13T00:00:00,70.9333333,-8.6666667,1.7,12.7
1001099999,2025-01-13T03:00:00,70.9333333,-8.6666667,2.5,9.8
1001099999,2025-01-13T06:00:00,70.9333333,-8.6666667,-0.1,10.0
1001099999,2025-01-13T09:00:00,70.9333333,-8.6666667,-1.8,13.0
1001099999,2025-01-13T12:00:00,70.9333333,-8.6666667,-1.5,9.0
1001099999,2025-01-13T15:00:00,70.9333333,-8.6666667,-1.7,8.0
1001099999,2025-01-13T18:00:00,70.9333333,-8.6666667,-1.2,2.6
1001099999,2025-01-13T21:00:00,70.9333333,-8.6666667,-1.2,3.8
1001099999,2025-01-14T00:00:00,70.9333333,-8.6666667,-1.5,1.5
1001099999,2025-01-14T03:00:00,70.9333333,-8.6666667,-1.5,2.1
1001099999,2025-01-14T06:00:00,70.9333333,-8.6666667,-1.3,6.0
1001099999,2025-01-14T09:00:00,70.9333333,-8.6666667,-0.9,7.0
1001099999,2025-01-14T12:00:00,70.9333333,-8.6666667,0.0,9.0
1001099999,2025-01-14T15:00:00,70.9333333,-8.6666667,0.0,4.0
1001099999,2025-01-14T18:00:00,70.9333333,-8.6666667,0.5,6.3
1001099999,2025-01-14T21:00:00,70.9333333,-8.6666667,0.6,8.0
1001099999,2025-01-15T00:00:00,70.9333333,-8.6666667,0.2,8.4
1001099999,2025-01-15T03:00:00,70.9333333,-8.6666667,1.2,1.7
1001099999,2025-01-15T06:00:00,70.9333333,-8.6666667,0.3,4.0
1001099999,2025-01-15T09:00:00,70.9333333,-8.6666667,0.8,3.0
1001099999,2025-01-15T12:00:00,70.9333333,-8.6666667,0.7,8.0
1001099999,2025-01-15T15:00:00,70.9333333,-8.6666667,-0.1,9.0
1001099999,2025-01-15T18:00:00,70.9333333,-8.6666667,-1.2,10.1
1001099999,2025-01-15T21:00:00,70.9333333,-8.6666667,-1.7,6.7
1001099999,2025-01-16T00:00:00,70.9333333,-8.6666667,-2.5,4.8
1001099999,2025-01-16T03:00:00,70.9333333,-8.6666667,-3.4,5.4
1001099999,2025-01-16T06:00:00,70.9333333,-8.6666667,-3.4,5.0
1001099999,2025-01-16T09:00:00,70.9333333,-8.6666667,-3.2,5.0
1001099999,2025-01-16T12:00:00,70.9333333,-8.6666667,-3.0,5.0
1001099999,2025-01-16T15:00:00,70.9333333,-8.6666667,-2.3,7.0
1001099999,2025-01-16T18:00:00,70.9333333,-8.6666667,-2.0,6.6
1001099999,2025-01-16T21:00:00,70.9333333,-8.6666667,-2.9,12.0
1001099999,2025-01-17T00:00:00,70.9333333,-8.6666667,-4.4,16.1
1001099999,2025-01-17T03:00:00,70.9333333,-8.6666667,-5.5,17.4
1001099999,2025-01-17T06:00:00,70.9333333,-8.6666667,-6.0,15.0
1001099999,2025-01-17T09:00:00,70.9333333,-8.6666667,-7.4,13.0
1001099999,2025-01-17T12:00:00,70.9333333,-8.6666667,-8.4,7.0
1001099999,2025-01-17T15:00:00,70.9333333,-8.6666667,-9.7,12.0
1001099999,2025-01-17T18:00:00,70.9333333,-8.6666667,-10.7,15.6
1001099999,2025-01-17T21:00:00,70.9333333,-8.6666667,-8.9,16.4
1001099999,2025-01-18T00:00:00,70.9333333,-8.6666667,-7.0,12.3
1001099999,2025-01-18T03:00:00,70.9333333,-8.6666667,-5.2,12.4
1001099999,2025-01-18T06:00:00,70.9333333,-8.6666667,-2.7,8.0
1001099999,2025-01-18T09:00:00,70.9333333,-8.6666667,-2.9,11.0
1001099999,2025-01-18T12:00:00,70.9333333,-8.6666667,-3.5,6.0
1001099999,2025-01-18T15:00:00,70.9333333,-8.6666667,-5.8,14.0
1001099999,2025-01-18T18:00:00,70.9333333,-8.6666667,-7.0,12.8
1001099999,2025-01-18T21:00:00,70.9333333,-8.6666667,-8.5,10.3
1001099999,2025-01-19T00:00:00,70.9333333,-8.6666667,-9.4,10.0
1001099999,2025-01-19T03:00:00,70.9333333,-8.6666667,-9.7,7.5
1001099999,2025-01-19T06:00:00,70.9333333,-8.6666667,-9.8,7.0
1001099999,2025-01-19T09:00:00,70.9333333,-8.6666667,-9.3,5.0
1001099999,2025-01-19T12:00:00,70.9333333,-8.6666667,-9.4,8.0
1001099999,2025-01-19T15:00:00,70.9333333,-8.6666667,-9.2,2.0
1001099999,2025-01-19T18:00:00,70.9333333,-8.6666667,-10.4,5.1
1001099999,2025-01-19T21:00:00,70.9333333,-8.6666667,-9.0,5.5
1001099999,2025-01-20T00:00:00,70.9333333,-8.6666667,-9.0,2.9
1001099999,2025-01-20T03:00:00,70.9333333,-8.6666667,-8.0,9.2
1001099999,2025-01-20T06:00:00,70.9333333,-8.6666667,-7.7,7.0
1001099999,2025-01-20T09:00:00,70.9333333,-8.6666667,-7.6,8.0
1001099999,2025-01-20T12:00:00,70.9333333,-8.6666667,-6.2,8.0
1001099999,2025-01-20T15:00:00,70.9333333,-8.6666667,-5.5,9.0
1001099999,2025-01-20T18:00:00,70.9333333,-8.6666667,-4.5,7.3
1001099999,2025-01-20T21:00:00,70.9333333,-8.6666667,-4.4,6.2
1001099999,2025-01-21T00:00:00,70.9333333,-8.6666667,-3.2,6.6
1001099999,2025-01-21T03:00:00,70.9333333,-8.6666667,-2.7,6.6
1001099999,2025-01-21T06:00:00,70.9333333,-8.6666667,-2.8,6.0
1001099999,2025-01-21T09:00:00,70.9333333,-8.6666667,-4.6,2.0
1001099999,2025-01-21T10:00:00,70.9333333,-8.6666667,-5.9,1.7
1001099999,2025-01-21T11:00:00,70.9333333,-8.6666667,-4.4,2.2
1001099999,2025-01-21T12:00:00,70.9333333,-8.6666667,-4.4,1.0
1001099999,2025-01-21T15:00:00,70.9333333,-8.6666667,-4.6,3.0
1001099999,2025-01-21T18:00:00,70.9333333,-8.6666667,-3.2,2.5
1001099999,2025-01-21T21:00:00,70.9333333,-8.6666667,-2.2,4.5
1001099999,2025-01-22T00:00:00,70.9333333,-8.6666667,-2.0,5.0
1001099999,2025-01-22T03:00:00,70.9333333,-8.6666667,-1.5,7.2
1001099999,2025-01-22T06:00:00,70.9333333,-8.6666667,-0.8,8.0
1001099999,2025-01-22T09:00:00,70.9333333,-8.6666667,-0.9,7.0
1001099999,2025-01-22T12:00:00,70.9333333,-8.6666667,-0.7,7.0
1001099999,2025-01-22T15:00:00,70.9333333,-8.6666667,-0.8,7.0
1001099999,2025-01-22T21:00:00,70.9333333,-8.6666667,-0.5,5.7
1001099999,2025-01-23T00:00:00,70.9333333,-8.6666667,-0.5,5.6
1001099999,2025-01-23T03:00:00,70.9333333,-8.6666667,-0.7,3.0
1001099999,2025-01-23T12:00:00,70.9333333,-8.6666667,-3.0,3.0
1001099999,2025-01-23T18:00:00,70.9333333,-8.6666667,-2.2,1.5
1001099999,2025-01-24T00:00:00,70.9333333,-8.6666667,-0.9,2.8
1001099999,2025-01-24T03:00:00,70.9333333,-8.6666667,-0.7,2.5
1001099999,2025-01-24T06:00:00,70.9333333,-8.6666667,-0.1,4.0
1001099999,2025-01-24T09:00:00,70.9333333,-8.6666667,0.2,5.0
1001099999,2025-01-24T12:00:00,70.9333333,-8.6666667,0.3,5.0
1001099999,2025-01-24T15:00:00,70.9333333,-8.6666667,0.2,5.0
1001099999,2025-01-24T18:00:00,70.9333333,-8.6666667,0.0,7.8
1001099999,2025-01-24T21:00:00,70.9333333,-8.6666667,-0.2,6.3
1001099999,2025-01-25T00:00:00,70.9333333,-8.6666667,0.5,8.1
1001099999,2025-01-25T03:00:00,70.9333333,-8.6666667,1.0,7.4
1001099999,2025-01-25T06:00:00,70.9333333,-8.6666667,1.2,7.0
1001099999,2025-01-25T09:00:00,70.9333333,-8.6666667,2.0,11.0
1001099999,2025-01-25T12:00:00,70.9333333,-8.6666667,2.0,10.0
1001099999,2025-01-25T15:00:00,70.9333333,-8.6666667,2.5,10.0
1001099999,2025-01-25T18:00:00,70.9333333,-8.6666667,1.6,10.2
1001099999,2025-01-25T21:00:00,70.9333333,-8.6666667,1.1,11.1
1001099999,2025-01-26T00:00:00,70.9333333,-8.6666667,0.2,10.9
1001099999,2025-01-26T03:00:00,70.9333333,-8.6666667,0.0,15.6
1001099999,2025-01-26T06:00:00,70.9333333,-8.6666667,-0.7,15.0
1001099999,2025-01-26T09:00:00,70.9333333,-8.6666667,-0.8,14.0
1001099999,2025-01-26T12:00:00,70.9333333,-8.6666667,-0.7,15.0
1001099999,2025-01-26T15:00:00,70.9333333,-8.6666667,-0.2,10.0
1001099999,2025-01-26T18:00:00,70.9333333,-8.6666667,1.0,9.4
1001099999,2025-01-26T21:00:00,70.9333333,-8.6666667,0.5,5.6
1001099999,2025-01-27T00:00:00,70.9333333,-8.6666667,0.1,5.4
1001099999,2025-01-27T03:00:00,70.9333333,-8.6666667,-0.4,5.2
1001099999,2025-01-27T06:00:00,70.9333333,-8.6666667,-0.4,5.0
1001099999,2025-01-27T09:00:00,70.9333333,-8.6666667,-0.2,6.0
1001099999,2025-01-27T12:00:00,70.9333333,-8.6666667,-0.2,6.0
1001099999,2025-01-27T15:00:00,70.9333333,-8.6666667,-0.3,5.0
1001099999,2025-01-27T18:00:00,70.9333333,-8.6666667,-1.4,2.3
1001099999,2025-01-27T21:00:00,70.9333333,-8.6666667,-0.2,3.4
1001099999,2025-01-28T00:00:00,70.9333333,-8.6666667,-1.0,2.5
1001099999,2025-01-28T03:00:00,70.9333333,-8.6666667,-1.5,1.9
1001099999,2025-01-28T06:00:00,70.9333333,-8.6666667,-2.1,2.0
1001099999,2025-01-28T09:00:00,70.9333333,-8.6666667,-1.1,3.0
1001099999,2025-01-28T12:00:00,70.9333333,-8.6666667,-2.0,1.0
1001099999,2025-01-28T15:00:00,70.9333333,-8.6666667,-1.7,7.0
1001099999,2025-01-28T17:00:00,70.9333333,-8.6666667,-2.2,5.7
1001099999,2025-01-28T18:00:00,70.9333333,-8.6666667,-2.7,5.7
1001099999,2025-01-28T21:00:00,70.9333333,-8.6666667,-3.4,6.2
1001099999,2025-01-29T00:00:00,70.9333333,-8.6666667,-3.7,5.4
1001099999,2025-01-29T03:00:00,70.9333333,-8.6666667,-4.2,0.7
1001099999,2025-01-29T06:00:00,70.9333333,-8.6666667,-4.4,1.0
1001099999,2025-01-29T09:00:00,70.9333333,-8.6666667,-4.3,2.0
1001099999,2025-01-29T12:00:00,70.9333333,-8.6666667,-3.1,3.0
1001099999,2025-01-29T15:00:00,70.9333333,-8.6666667,-1.3,6.0
1001099999,2025-01-29T18:00:00,70.9333333,-8.6666667,-1.7,10.0
1001099999,2025-01-29T21:00:00,70.9333333,-8.6666667,-0.7,7.0
1001099999,2025-01-30T00:00:00,70.9333333,-8.6666667,-0.9,5.0
1001099999,2025-01-30T03:00:00,70.9333333,-8.6666667,-0.5,3.1
1001099999,2025-01-30T06:00:00,70.9333333,-8.6666667,-0.8,6.0
1001099999,2025-01-30T09:00:00,70.9333333,-8.6666667,-0.2,4.0
1001099999,2025-01-30T12:00:00,70.9333333,-8.6666667,-1.6,3.0
1001099999,2025-01-30T15:00:00,70.9333333,-8.6666667,-3.0,3.0
1001099999,2025-01-30T18:00:00,70.9333333,-8.6666667,-2.4,1.4
1001099999,2025-01-30T21:00:00,70.9333333,-8.6666667,-2.5,0.3
1001099999,2025-01-31T00:00:00,70.9333333,-8.6666667,-2.0,2.6
1001099999,2025-01-31T03:00:00,70.9333333,-8.6666667,-1.5,4.5
1001099999,2025-01-31T06:00:00,70.9333333,-8.6666667,-1.6,7.0
1001099999,2025-01-31T09:00:00,70.9333333,-8.6666667,-0.2,9.0
1001099999,2025-01-31T12:00:00,70.9333333,-8.6666667,0.5,14.0
1001099999,2025-01-31T15:00:00,70.9333333,-8.6666667,0.3,8.0
1001099999,2025-01-31T18:00:00,70.9333333,-8.6666667,0.0,8.5
1001099999,2025-02-01T00:00:00,70.9333333,-8.6666667,1.0,8.3
1001099999,2025-02-01T03:00:00,70.9333333,-8.6666667,1.1,10.0
1001099999,2025-02-01T06:00:00,70.9333333,-8.6666667,1.7,11.0
1001099999,2025-02-01T09:00:00,70.9333333,-8.6666667,2.1,12.0
1001099999,2025-02-01T12:00:00,70.9333333,-8.6666667,2.3,13.0
1001099999,2025-02-01T15:00:00,70.9333333,-8.6666667,2.3,13.0
1001099999,2025-02-01T18:00:00,70.9333333,-8.6666667,2.2,12.1
1001099999,2025-02-01T21:00:00,70.9333333,-8.6666667,2.1,12.0
1001099999,2025-02-02T00:00:00,70.9333333,-8.6666667,2.0,4.8
1001099999,2025-02-02T03:00:00,70.9333333,-8.6666667,1.7,5.0
1001099999,2025-02-02T06:00:00,70.9333333,-8.6666667,1.4,5.0
1001099999,2025-02-02T09:00:00,70.9333333,-8.6666667,1.2,4.0
1001099999,2025-02-02T12:00:00,70.9333333,-8.6666667,1.5,8.0
1001099999,2025-02-02T15:00:00,70.9333333,-8.6666667,1.0,5.0
1001099999,2025-02-02T18:00:00,70.9333333,-8.6666667,0.6,2.9
1001099999,2025-02-02T21:00:00,70.9333333,-8.6666667,0.2,2.0
1001099999,2025-02-03T00:00:00,70.9333333,-8.6666667,0.6,0.8
1001099999,2025-02-03T03:00:00,70.9333333,-8.6666667,0.0,6.2
1001099999,2025-02-03T06:00:00,70.9333333,-8.6666667,1.1,7.0
1001099999,2025-02-03T09:00:00,70.9333333,-8.6666667,2.0,10.0
1001099999,2025-02-03T12:00:00,70.9333333,-8.6666667,2.3,15.0
1001099999,2025-02-03T15:00:00,70.9333333,-8.6666667,2.7,12.0
1001099999,2025-02-03T18:00:00,70.9333333,-8.6666667,3.2,13.4
1001099999,2025-02-03T21:00:00,70.9333333,-8.6666667,3.1,13.0
1001099999,2025-02-04T00:00:00,70.9333333,-8.6666667,2.5,15.0
1001099999,2025-02-04T03:00:00,70.9333333,-8.6666667,1.5,18.1
1001099999,2025-02-04T06:00:00,70.9333333,-8.6666667,1.0,19.0
1001099999,2025-02-04T09:00:00,70.9333333,-8.6666667,1.6,12.0
1001099999,2025-02-04T12:00:00,70.9333333,-8.6666667,1.4,10.0
1001099999,2025-02-04T15:00:00,70.9333333,-8.6666667,0.8,4.0
1001099999,2025-02-04T18:00:00,70.9333333,-8.6666667,0.0,4.1
1001099999,2025-02-04T21:00:00,70.9333333,-8.6666667,-0.2,6.3
1001099999,2025-02-05T00:00:00,70.9333333,-8.6666667,-0.1,7.0
1001099999,2025-02-05T03:00:00,70.9333333,-8.6666667,0.1,9.0
1001099999,2025-02-05T06:00:00,70.9333333,-8.6666667,-0.2,10.0
1001099999,2025-02-05T09:00:00,70.9333333,-8.6666667,0.1,8.0
1001099999,2025-02-05T12:00:00,70.9333333,-8.6666667,-0.3,10.0
1001099999,2025-02-05T15:00:00,70.9333333,-8.6666667,-0.9,11.0
1001099999,2025-02-05T18:00:00,70.9333333,-8.6666667,-0.7,9.5
1001099999,2025-02-05T21:00:00,70.9333333,-8.6666667,0.2,10.3
1001099999,2025-02-06T00:00:00,70.9333333,-8.6666667,0.5,11.4
1001099999,2025-02-06T03:00:00,70.9333333,-8.6666667,3.3,16.0
1001099999,2025-02-06T06:00:00,70.9333333,-8.6666667,2.3,9.0
1001099999,2025-02-06T09:00:00,70.9333333,-8.6666667,2.4,18.0
1001099999,2025-02-06T12:00:00,70.9333333,-8.6666667,-0.5,11.0
1001099999,2025-02-06T15:00:00,70.9333333,-8.6666667,-0.1,7.0
1001099999,2025-02-06T18:00:00,70.9333333,-8.6666667,0.7,7.8
1001099999,2025-02-06T21:00:00,70.9333333,-8.6666667,2.7,19.7
1001099999,2025-02-07T00:00:00,70.9333333,-8.6666667,0.7,14.2
1001099999,2025-02-07T03:00:00,70.9333333,-8.6666667,0.6,15.4
1001099999,2025-02-07T06:00:00,70.9333333,-8.6666667,-0.7,17.0
1001099999,2025-02-07T09:00:00,70.9333333,-8.6666667,0.0,15.0
1001099999,2025-02-07T12:00:00,70.9333333,-8.6666667,0.8,13.0
1001099999,2025-02-07T15:00:00,70.9333333,-8.6666667,1.2,11.0
1001099999,2025-02-07T18:00:00,70.9333333,-8.6666667,0.7,1.6
1001099999,2025-02-08T00:00:00,70.9333333,-8.6666667,1.0,12.3
1001099999,2025-02-08T03:00:00,70.9333333,-8.6666667,0.3,9.0
1001099999,2025-02-08T06:00:00,70.9333333,-8.6666667,0.9,12.0
1001099999,2025-02-08T09:00:00,70.9333333,-8.6666667,-3.0,12.0
1001099999,2025-02-08T12:00:00,70.9333333,-8.6666667,-3.7,6.0
1001099999,2025-02-08T15:00:00,70.9333333,-8.6666667,-4.6,4.0
1001099999,2025-02-08T18:00:00,70.9333333,-8.6666667,-5.2,4.0
1001099999,2025-02-08T21:00:00,70.9333333,-8.6666667,-1.2,10.5
1001099999,2025-02-09T00:00:00,70.9333333,-8.6666667,-0.2,9.6
1001099999,2025-02-09T03:00:00,70.9333333,-8.6666667,-6.0,9.4
1001099999,2025-02-09T06:00:00,70.9333333,-8.6666667,-7.3,9.0
1001099999,2025-02-09T09:00:00,70.9333333,-8.6666667,-8.1,9.0
1001099999,2025-02-09T12:00:00,70.9333333,-8.6666667,-8.2,8.0
1001099999,2025-02-09T15:00:00,70.9333333,-8.6666667,-7.6,4.0
1001099999,2025-02-09T18:00:00,70.9333333,-8.6666667,-6.8,2.0
1001099999,2025-02-10T00:00:00,70.9333333,-8.6666667,0.2,9.7
1001099999,2025-02-10T03:00:00,70.9333333,-8.6666667,0.7,7.8
1001099999,2025-02-10T06:00:00,70.9333333,-8.6666667,3.4,13.0
1001099999,2025-02-10T09:00:00,70.9333333,-8.6666667,2.4,13.0
1001099999,2025-02-10T12:00:00,70.9333333,-8.6666667,2.1,13.0
1001099999,2025-02-10T15:00:00,70.9333333,-8.6666667,1.7,14.0
1001099999,2025-02-10T18:00:00,70.9333333,-8.6666667,1.4,12.0
1001099999,2025-02-11T00:00:00,70.9333333,-8.6666667,2.6,11.0
1001099999,2025-02-11T03:00:00,70.9333333,-8.6666667,0.7,9.3
1001099999,2025-02-11T06:00:00,70.9333333,-8.6666667,-0.8,5.0
1001099999,2025-02-11T09:00:00,70.9333333,-8.6666667,-2.3,7.0
1001099999,2025-02-11T12:00:00,70.9333333,-8.6666667,-4.8,9.0
1001099999,2025-02-11T15:00:00,70.9333333,-8.6666667,-5.5,12.0
1001099999,2025-02-12T00:00:00,70.9333333,-8.6666667,-4.7,2.8
1001099999,2025-02-12T03:00:00,70.9333333,-8.6666667,-4.9,4.1
1001099999,2025-02-12T06:00:00,70.9333333,-8.6666667,-5.2,3.0
1001099999,2025-02-12T09:00:00,70.9333333,-8.6666667,-4.9,1.0
1001099999,2025-02-12T12:00:00,70.9333333,-8.6666667,-5.3,2.0
1001099999,2025-02-12T15:00:00,70.9333333,-8.6666667,-4.7,2.0
1001099999,2025-02-12T18:00:00,70.9333333,-8.6666667,-4.7,0.9
1001099999,2025-02-12T21:00:00,70.9333333,-8.6666667,-4.0,2.4
1001099999,2025-02-13T00:00:00,70.9333333,-8.6666667,-4.0,1.7
1001099999,2025-02-13T03:00:00,70.9333333,-8.6666667,-4.0,2.1
1001099999,2025-02-13T06:00:00,70.9333333,-8.6666667,-3.8,3.0
1001099999,2025-02-13T09:00:00,70.9333333,-8.6666667,-4.1,3.0
1001099999,2025-02-13T12:00:00,70.9333333,-8.6666667,-4.4,3.0
1001099999,2025-02-13T15:00:00,70.9333333,-8.6666667,-4.1,4.0
1001099999,2025-02-13T18:00:00,70.9333333,-8.6666667,-3.7,4.1
1001099999,2025-02-13T21:00:00,70.9333333,-8.6666667,-4.0,3.7
1001099999,2025-02-14T00:00:00,70.9333333,-8.6666667,-5.0,4.4
1001099999,2025-02-14T03:00:00,70.9333333,-8.6666667,-5.7,4.9
1001099999,2025-02-14T06:00:00,70.9333333,-8.6666667,-5.7,5.0
1001099999,2025-02-14T09:00:00,70.9333333,-8.6666667,-5.1,2.0
1001099999,2025-02-14T12:00:00,70.9333333,-8.6666667,-3.6,2.0
1001099999,2025-02-14T15:00:00,70.9333333,-8.6666667,-3.6,4.0
1001099999,2025-02-14T18:00:00,70.9333333,-8.6666667,-3.2,2.8
1001099999,2025-02-14T21:00:00,70.9333333,-8.6666667,-2.9,3.6
1001099999,2025-02-15T00:00:00,70.9333333,-8.6666667,-2.5,1.6
1001099999,2025-02-15T03:00:00,70.9333333,-8.6666667,-1.7,6.6
1001099999,2025-02-15T06:00:00,70.9333333,-8.6666667,-2.7,1.0
1001099999,2025-02-15T09:00:00,70.9333333,-8.6666667,-4.3,2.0
1001099999,2025-02-15T12:00:00,70.9333333,-8.6666667,-4.0,0.0
1001099999,2025-02-15T15:00:00,70.9333333,-8.6666667,-4.8,2.0
1001099999,2025-02-15T18:00:00,70.9333333,-8.6666667,-4.7,1.6
1001099999,2025-02-15T21:00:00,70.9333333,-8.6666667,-3.5,3.8
1001099999,2025-02-16T00:00:00,70.9333333,-8.6666667,-3.5,5.4
1001099999,2025-02-16T03:00:00,70.9333333,-8.6666667,-4.2,6.9
1001099999,2025-02-16T06:00:00,70.9333333,-8.6666667,-4.2,4.0
1001099999,2025-02-16T09:00:00,70.9333333,-8.6666667,-4.4,5.0
1001099999,2025-02-16T12:00:00,70.9333333,-8.6666667,-3.6,8.0
1001099999,2025-02-16T15:00:00,70.9333333,-8.6666667,-2.9,6.0
1001099999,2025-02-16T18:00:00,70.9333333,-8.6666667,-3.2,5.6
1001099999,2025-02-16T21:00:00,70.9333333,-8.6666667,-3.5,4.7
1001099999,2025-02-17T00:00:00,70.9333333,-8.6666667,-3.7,9.6
1001099999,2025-02-17T03:00:00,70.9333333,-8.6666667,-3.7,7.0
1001099999,2025-02-17T06:00:00,70.9333333,-8.6666667,-3.7,8.0
1001099999,2025-02-17T09:00:00,70.9333333,-8.6666667,-3.6,7.0
1001099999,2025-02-17T12:00:00,70.9333333,-8.6666667,-3.6,6.0
1001099999,2025-02-17T15:00:00,70.9333333,-8.6666667,-3.4,5.0
1001099999,2025-02-17T18:00:00,70.9333333,-8.6666667,-3.5,0.2
1001099999,2025-02-17T21:00:00,70.9333333,-8.6666667,-3.5,2.0
1001099999,2025-02-18T00:00:00,70.9333333,-8.6666667,-4.5,3.1
1001099999,2025-02-18T03:00:00,70.9333333,-8.6666667,-4.4,2.0
1001099999,2025-02-18T06:00:00,70.9333333,-8.6666667,-4.6,2.0
1001099999,2025-02-18T09:00:00,70.9333333,-8.6666667,-5.6,2.0
1001099999,2025-02-18T12:00:00,70.9333333,-8.6666667,-5.6,1.0
1001099999,2025-02-18T15:00:00,70.9333333,-8.6666667,-4.7,3.0
1001099999,2025-02-18T18:00:00,70.9333333,-8.6666667,-5.4,1.8
1001099999,2025-02-18T21:00:00,70.9333333,-8.6666667,-4.7,1.2
1001099999,2025-02-19T00:00:00,70.9333333,-8.6666667,-3.9,0.0
1001099999,2025-02-19T03:00:00,70.9333333,-8.6666667,-2.2,1.4
1001099999,2025-02-19T06:00:00,70.9333333,-8.6666667,-1.6,2.0
1001099999,2025-02-19T07:00:00,70.9333333,-8.6666667,-1.5,1.9
1001099999,2025-02-19T08:00:00,70.9333333,-8.6666667,999.9,999.9
1001099999,2025-02-19T09:00:00,70.9333333,-8.6666667,-1.0,1.9
1001099999,2025-02-19T12:00:00,70.9333333,-8.6666667,0.1,2.8
1001099999,2025-02-19T15:00:00,70.9333333,-8.6666667,1.0,4.7
1001099999,2025-02-19T18:00:00,70.9333333,-8.6666667,0.7,4.2
1001099999,2025-02-19T21:00:00,70.9333333,-8.6666667,0.5,5.2
1001099999,2025-02-20T00:00:00,70.9333333,-8.6666667,0.5,5.2
1001099999,2025-02-20T03:00:00,70.9333333,-8.6666667,1.0,6.4
1001099999,2025-02-20T06:00:00,70.9333333,-8.6666667,1.1,5.7
1001099999,2025-02-20T08:00:00,70.9333333,-8.6666667,999.9,999.9
1001099999,2025-02-20T09:00:00,70.9333333,-8.6666667,1.1,3.2
1001099999,2025-02-20T12:00:00,70.9333333,-8.6666667,1.5,5.6
1001099999,2025-02-20T15:00:00,70.9333333,-8.6666667,1.2,5.6
1001099999,2025-02-21T00:00:00,70.9333333,-8.6666667,1.5,5.2
1001099999,2025-02-21T03:00:00,70.9333333,-8.6666667,2.2,7.1
1001099999,2025-02-21T06:00:00,70.9333333,-8.6666667,2.2,6.3
1001099999,2025-02-21T09:00:00,70.9333333,-8.6666667,1.8,6.0
1001099999,2025-02-21T12:00:00,70.9333333,-8.6666667,1.1,2.0
1001099999,2025-02-21T15:00:00,70.9333333,-8.6666667,1.0,5.0
1001099999,2025-02-21T18:00:00,70.9333333,-8.6666667,0.7,3.5
1001099999,2025-02-21T21:00:00,70.9333333,-8.6666667,1.5,2.0
1001099999,2025-02-22T00:00:00,70.9333333,-8.6666667,2.2,6.4
1001099999,2025-02-22T03:00:00,70.9333333,-8.6666667,3.1,8.2
1001099999,2025-02-22T06:00:00,70.9333333,-8.6666667,2.4,8.0
1001099999,2025-02-22T09:00:00,70.9333333,-8.6666667,1.5,8.0
1001099999,2025-02-22T12:00:00,70.9333333,-8.6666667,1.9,10.0
1001099999,2025-02-22T15:00:00,70.9333333,-8.6666667,2.1,8.0
1001099999,2025-02-22T18:00:00,70.9333333,-8.6666667,1.5,4.7
1001099999,2025-02-22T21:00:00,70.9333333,-8.6666667,0.8,4.0
1001099999,2025-02-23T00:00:00,70.9333333,-8.6666667,-0.5,5.2
1001099999,2025-02-23T03:00:00,70.9333333,-8.6666667,0.1,5.0
1001099999,2025-02-23T06:00:00,70.9333333,-8.6666667,0.4,8.0
1001099999,2025-02-23T09:00:00,70.9333333,-8.6666667,-0.8,8.0
1001099999,2025-02-23T12:00:00,70.9333333,-8.6666667,-0.4,3.0
1001099999,2025-02-23T15:00:00,70.9333333,-8.6666667,-0.9,3.0
1001099999,2025-02-23T18:00:00,70.9333333,-8.6666667,-1.2,4.3
1001099999,2025-02-23T21:00:00,70.9333333,-8.6666667,-1.2,2.0
1001099999,2025-02-24T00:00:00,70.9333333,-8.6666667,1.3,6.0
1001099999,2025-02-24T03:00:00,70.9333333,-8.6666667,2.6,8.9
1001099999,2025-02-24T06:00:00,70.9333333,-8.6666667,2.2,5.1
1001099999,2025-02-24T09:00:00,70.9333333,-8.6666667,2.2,5.0
1001099999,2025-02-24T12:00:00,70.9333333,-8.6666667,2.4,3.0
1001099999,2025-02-24T15:00:00,70.9333333,-8.6666667,1.9,1.0
1001099999,2025-02-24T18:00:00,70.9333333,-8.6666667,1.5,1.2
1001099999,2025-02-24T21:00:00,70.9333333,-8.6666667,1.7,0.5
1001099999,2025-02-25T00:00:00,70.9333333,-8.6666667,3.1,4.6
1001099999,2025-02-25T03:00:00,70.9333333,-8.6666667,2.5,1.6
1001099999,2025-02-25T06:00:00,70.9333333,-8.6666667,1.9,2.0
1001099999,2025-02-25T09:00:00,70.9333333,-8.6666667,1.4,6.0
1001099999,2025-02-25T12:00:00,70.9333333,-8.6666667,0.5,8.0
1001099999,2025-02-25T15:00:00,70.9333333,-8.6666667,-1.2,8.0
1001099999,2025-02-25T18:00:00,70.9333333,-8.6666667,-2.3,14.0
1001099999,2025-02-25T21:00:00,70.9333333,-8.6666667,-2.7,20.3
1001099999,2025-02-26T00:00:00,70.9333333,-8.6666667,-2.4,14.5
1001099999,2025-02-26T03:00:00,70.9333333,-8.6666667,-2.0,7.9
1001099999,2025-02-26T06:00:00,70.9333333,-8.6666667,-2.0,7.0
1001099999,2025-02-26T09:00:00,70.9333333,-8.6666667,-2.8,20.0
1001099999,2025-02-26T12:00:00,70.9333333,-8.6666667,-2.7,18.0
1001099999,2025-02-26T15:00:00,70.9333333,-8.6666667,-2.3,8.0
1001099999,2025-02-26T18:00:00,70.9333333,-8.6666667,-1.5,9.0
1001099999,2025-02-26T21:00:00,70.9333333,-8.6666667,-1.5,8.6
1001099999,2025-02-27T00:00:00,70.9333333,-8.6666667,-2.5,8.8
1001099999,2025-02-27T03:00:00,70.9333333,-8.6666667,-2.9,1.4
1001099999,2025-02-27T06:00:00,70.9333333,-8.6666667,-2.9,5.0
1001099999,2025-02-27T09:00:00,70.9333333,-8.6666667,-2.5,4.0
1001099999,2025-02-27T12:00:00,70.9333333,-8.6666667,-2.6,10.0
1001099999,2025-02-27T15:00:00,70.9333333,-8.6666667,-2.0,10.0
1001099999,2025-02-27T18:00:00,70.9333333,-8.6666667,-1.5,7.5
1001099999,2025-02-27T21:00:00,70.9333333,-8.6666667,-1.0,3.0
1001099999,2025-02-28T00:00:00,70.9333333,-8.6666667,-1.2,4.8
1001099999,2025-02-28T03:00:00,70.9333333,-8.6666667,-2.4,6.6
1001099999,2025-02-28T06:00:00,70.9333333,-8.6666667,-3.2,1.0
1001099999,2025-02-28T09:00:00,70.9333333,-8.6666667,-3.5,1.0
1001099999,2025-02-28T21:00:00,70.9333333,-8.6666667,0.2,9.9
1001099999,2025-03-01T00:00:00,70.9333333,-8.6666667,0.5,9.4
1001099999,2025-03-01T03:00:00,70.9333333,-8.6666667,0.2,2.9
1001099999,2025-03-01T06:00:00,70.9333333,-8.6666667,0.0,1.0
1001099999,2025-03-01T09:00:00,70.9333333,-8.6666667,0.2,2.0
1001099999,2025-03-01T12:00:00,70.9333333,-8.6666667,0.4,17.0
1001099999,2025-03-01T15:00:00,70.9333333,-8.6666667,-1.2,11.0
1001099999,2025-03-01T18:00:00,70.9333333,-8.6666667,-1.5,7.1
1001099999,2025-03-01T21:00:00,70.9333333,-8.6666667,-1.9,15.1
1001099999,2025-03-02T00:00:00,70.9333333,-8.6666667,-2.0,9.0
1001099999,2025-03-02T03:00:00,70.9333333,-8.6666667,-2.0,9.9
1001099999,2025-03-02T06:00:00,70.9333333,-8.6666667,-0.4,2.0
1001099999,2025-03-02T09:00:00,70.9333333,-8.6666667,-0.4,1.0
1001099999,2025-03-02T12:00:00,70.9333333,-8.6666667,-0.8,5.0
1001099999,2025-03-02T15:00:00,70.9333333,-8.6666667,-1.5,6.0
1001099999,2025-03-02T18:00:00,70.9333333,-8.6666667,-1.2,3.7
1001099999,2025-03-02T21:00:00,70.9333333,-8.6666667,-1.0,0.6
1001099999,2025-03-03T00:00:00,70.9333333,-8.6666667,0.1,5.6
1001099999,2025-03-03T03:00:00,70.9333333,-8.6666667,-3.0,1.5
1001099999,2025-03-03T06:00:00,70.9333333,-8.6666667,-2.5,2.0
1001099999,2025-03-03T09:00:00,70.9333333,-8.6666667,-0.8,8.0
1001099999,2025-03-03T12:00:00,70.9333333,-8.6666667,-1.3,11.0
1001099999,2025-03-03T15:00:00,70.9333333,-8.6666667,-2.3,10.0
1001099999,2025-03-03T18:00:00,70.9333333,-8.6666667,-1.7,7.8
1001099999,2025-03-03T21:00:00,70.9333333,-8.6666667,-2.0,9.3
1001099999,2025-03-04T00:00:00,70.9333333,-8.6666667,-1.5,7.2
1001099999,2025-03-04T03:00:00,70.9333333,-8.6666667,-1.0,8.4
1001099999,2025-03-04T06:00:00,70.9333333,-8.6666667,-2.9,1.0
1001099999,2025-03-04T09:00:00,70.9333333,-8.6666667,-0.1,5.0
1001099999,2025-03-04T12:00:00,70.9333333,-8.6666667,-0.1,9.0
1001099999,2025-03-04T15:00:00,70.9333333,-8.6666667,0.8,12.0
1001099999,2025-03-04T18:00:00,70.9333333,-8.6666667,1.1,13.2
1001099999,2025-03-04T21:00:00,70.9333333,-8.6666667,1.2,10.9
1001099999,2025-03-05T00:00:00,70.9333333,-8.6666667,1.2,16.0
1001099999,2025-03-05T03:00:00,70.9333333,-8.6666667,0.7,15.6
1001099999,2025-03-05T06:00:00,70.9333333,-8.6666667,0.2,8.0
1001099999,2025-03-05T09:00:00,70.9333333,-8.6666667,0.5,12.0
1001099999,2025-03-05T12:00:00,70.9333333,-8.6666667,0.7,9.0
1001099999,2025-03-05T15:00:00,70.9333333,-8.6666667,0.3,12.0
1001099999,2025-03-05T18:00:00,70.9333333,-8.6666667,-0.4,8.7
1001099999,2025-03-05T21:00:00,70.9333333,-8.6666667,-1.2,8.1
1001099999,2025-03-06T00:00:00,70.9333333,-8.6666667,-1.2,9.7
1001099999,2025-03-06T03:00:00,70.9333333,-8.6666667,-1.4,7.0
1001099999,2025-03-06T06:00:00,70.9333333,-8.6666667,-2.0,3.0
1001099999,2025-03-06T09:00:00,70.9333333,-8.6666667,-1.8,9.0
1001099999,2025-03-06T12:00:00,70.9333333,-8.6666667,-1.3,6.0
1001099999,2025-03-06T15:00:00,70.9333333,-8.6666667,-1.4,4.0
1001099999,2025-03-06T18:00:00,70.9333333,-8.6666667,-2.0,5.2
1001099999,2025-03-06T21:00:00,70.9333333,-8.6666667,-2.5,2.0
1001099999,2025-03-07T00:00:00,70.9333333,-8.6666667,-3.2,6.5
1001099999,2025-03-07T03:00:00,70.9333333,-8.6666667,-3.7,8.6
1001099999,2025-03-07T06:00:00,70.9333333,-8.6666667,-4.3,7.0
1001099999,2025-03-07T08:00:00,70.9333333,-8.6666667,-4.7,7.0
1001099999,2025-03-07T09:00:00,70.9333333,-8.6666667,-4.9,6.9
1001099999,2025-03-07T12:00:00,70.9333333,-8.6666667,-5.0,6.1
1001099999,2025-03-07T15:00:00,70.9333333,-8.6666667,-4.3,6.0
1001099999,2025-03-07T18:00:00,70.9333333,-8.6666667,-3.7,4.1
1001099999,2025-03-07T21:00:00,70.9333333,-8.6666667,-3.5,3.7
1001099999,2025-03-08T00:00:00,70.9333333,-8.6666667,-3.5,6.2
1001099999,2025-03-08T03:00:00,70.9333333,-8.6666667,-3.4,6.2
1001099999,2025-03-08T06:00:00,70.9333333,-8.6666667,-4.0,4.0
1001099999,2025-03-08T09:00:00,70.9333333,-8.6666667,-3.3,5.0
1001099999,2025-03-08T12:00:00,70.9333333,-8.6666667,-3.3,6.0
1001099999,2025-03-08T15:00:00,70.9333333,-8.6666667,-4.3,7.0
1001099999,2025-03-08T18:00:00,70.9333333,-8.6666667,-5.0,8.0
1001099999,2025-03-08T21:00:00,70.9333333,-8.6666667,-5.7,7.0
1001099999,2025-03-09T00:00:00,70.9333333,-8.6666667,-7.0,3.9
1001099999,2025-03-09T03:00:00,70.9333333,-8.6666667,-5.2,4.0
1001099999,2025-03-09T06:00:00,70.9333333,-8.6666667,-4.4,8.0
1001099999,2025-03-09T09:00:00,70.9333333,-8.6666667,-4.8,8.0
1001099999,2025-03-09T12:00:00,70.9333333,-8.6666667,-4.4,3.0
1001099999,2025-03-09T15:00:00,70.9333333,-8.6666667,-5.1,5.0
1001099999,2025-03-09T18:00:00,70.9333333,-8.6666667,-6.7,4.6
1001099999,2025-03-09T21:00:00,70.9333333,-8.6666667,-7.2,3.9
1001099999,2025-03-10T00:00:00,70.9333333,-8.6666667,-7.9,4.9
1001099999,2025-03-10T03:00:00,70.9333333,-8.6666667,-8.2,1.9
1001099999,2025-03-10T06:00:00,70.9333333,-8.6666667,-6.9,2.0
1001099999,2025-03-10T09:00:00,70.9333333,-8.6666667,-4.5,1.0
1001099999,2025-03-10T12:00:00,70.9333333,-8.6666667,-2.5,7.0
1001099999,2025-03-10T15:00:00,70.9333333,-8.6666667,-2.1,7.0
1001099999,2025-03-10T18:00:00,70.9333333,-8.6666667,-1.9,6.9
1001099999,2025-03-10T21:00:00,70.9333333,-8.6666667,-3.5,11.1
1001099999,2025-03-11T00:00:00,70.9333333,-8.6666667,-5.7,11.9
1001099999,2025-03-11T03:00:00,70.9333333,-8.6666667,-7.4,14.0
1001099999,2025-03-11T06:00:00,70.9333333,-8.6666667,-8.2,12.0
1001099999,2025-03-11T09:00:00,70.9333333,-8.6666667,-8.0,12.0
1001099999,2025-03-11T10:00:00,70.9333333,-8.6666667,-7.4,12.9
1001099999,2025-03-11T12:00:00,70.9333333,-8.6666667,-6.3,13.0
1001099999,2025-03-11T15:00:00,70.9333333,-8.6666667,-3.7,9.0
1001099999,2025-03-11T18:00:00,70.9333333,-8.6666667,-3.7,7.8
1001099999,2025-03-11T21:00:00,70.9333333,-8.6666667,-4.5,2.7
1001099999,2025-03-12T00:00:00,70.9333333,-8.6666667,-4.7,1.5
1001099999,2025-03-12T03:00:00,70.9333333,-8.6666667,-3.7,2.6
1001099999,2025-03-12T06:00:00,70.9333333,-8.6666667,-3.0,3.0
1001099999,2025-03-12T09:00:00,70.9333333,-8.6666667,-2.1,3.0
1001099999,2025-03-12T12:00:00,70.9333333,-8.6666667,-2.1,8.0
1001099999,2025-03-12T15:00:00,70.9333333,-8.6666667,-5.0,10.0
1001099999,2025-03-12T18:00:00,70.9333333,-8.6666667,-6.2,12.2
1001099999,2025-03-13T00:00:00,70.9333333,-8.6666667,-4.2,9.1
1001099999,2025-03-13T03:00:00,70.9333333,-8.6666667,-4.2,8.9
1001099999,2025-03-13T06:00:00,70.9333333,-8.6666667,-5.3,9.0
1001099999,2025-03-13T09:00:00,70.9333333,-8.6666667,-5.9,5.0
1001099999,2025-03-13T12:00:00,70.9333333,-8.6666667,-5.9,3.0
1001099999,2025-03-13T15:00:00,70.9333333,-8.6666667,-5.9,3.0
1001099999,2025-03-13T18:00:00,70.9333333,-8.6666667,-5.5,2.5
1001099999,2025-03-13T21:00:00,70.9333333,-8.6666667,-4.7,3.8
1001099999,2025-03-14T00:00:00,70.9333333,-8.6666667,-3.2,3.4
1001099999,2025-03-14T03:00:00,70.9333333,-8.6666667,-1.5,4.8
1001099999,2025-03-14T06:00:00,70.9333333,-8.6666667,-1.6,1.0
1001099999,2025-03-14T09:00:00,70.9333333,-8.6666667,-2.0,3.0
1001099999,2025-03-14T12:00:00,70.9333333,-8.6666667,-2.1,4.0
1001099999,2025-03-14T15:00:00,70.9333333,-8.6666667,-2.5,10.0
1001099999,2025-03-14T18:00:00,70.9333333,-8.6666667,-4.5,5.1
1001099999,2025-03-14T21:00:00,70.9333333,-8.6666667,-7.4,13.6
1001099999,2025-03-15T00:00:00,70.9333333,-8.6666667,-8.4,12.7
1001099999,2025-03-15T03:00:00,70.9333333,-8.6666667,-9.4,9.0
1001099999,2025-03-15T06:00:00,70.9333333,-8.6666667,-10.0,9.0
1001099999,2025-03-15T09:00:00,70.9333333,-8.6666667,-10.5,11.0
1001099999,2025-03-15T12:00:00,70.9333333,-8.6666667,-9.7,12.0
1001099999,2025-03-15T15:00:00,70.9333333,-8.6666667,-8.4,13.0
1001099999,2025-03-15T18:00:00,70.9333333,-8.6666667,-8.2,11.0
1001099999,2025-03-15T21:00:00,70.9333333,-8.6666667,-8.5,12.8
1001099999,2025-03-16T00:00:00,70.9333333,-8.6666667,-8.0,8.1
1001099999,2025-03-16T03:00:00,70.9333333,-8.6666667,-8.4,11.1
1001099999,2025-03-16T06:00:00,70.9333333,-8.6666667,-7.8,4.0
1001099999,2025-03-16T09:00:00,70.9333333,-8.6666667,-7.0,2.0
1001099999,2025-03-16T12:00:00,70.9333333,-8.6666667,-3.5,8.0
1001099999,2025-03-16T15:00:00,70.9333333,-8.6666667,-1.6,8.0
1001099999,2025-03-16T18:00:00,70.9333333,-8.6666667,1.5,6.0
1001099999,2025-03-16T21:00:00,70.9333333,-8.6666667,1.5,9.9
1001099999,2025-03-17T00:00:00,70.9333333,-8.6666667,-0.9,8.3
1001099999,2025-03-17T03:00:00,70.9333333,-8.6666667,-2.7,7.3
1001099999,2025-03-17T06:00:00,70.9333333,-8.6666667,-1.8,3.0
1001099999,2025-03-17T09:00:00,70.9333333,-8.6666667,-0.5,1.0
1001099999,2025-03-17T12:00:00,70.9333333,-8.6666667,3.2,11.0
1001099999,2025-03-17T15:00:00,70.9333333,-8.6666667,2.8,17.0
1001099999,2025-03-17T18:00:00,70.9333333,-8.6666667,-0.7,11.8
1001099999,2025-03-17T21:00:00,70.9333333,-8.6666667,-4.7,9.6
1001099999,2025-03-18T00:00:00,70.9333333,-8.6666667,-7.2,12.1
1001099999,2025-03-18T03:00:00,70.9333333,-8.6666667,-7.4,8.0
1001099999,2025-03-18T06:00:00,70.9333333,-8.6666667,-6.4,13.0
1001099999,2025-03-18T09:00:00,70.9333333,-8.6666667,-6.1,15.0
1001099999,2025-03-18T12:00:00,70.9333333,-8.6666667,-6.9,7.0
1001099999,2025-03-18T13:00:00,70.9333333,-8.6666667,-7.0,7.0
1001099999,2025-03-18T15:00:00,70.9333333,-8.6666667,-7.8,9.0
1001099999,2025-03-18T18:00:00,70.9333333,-8.6666667,-8.9,10.5
1001099999,2025-03-18T19:00:00,70.9333333,-8.6666667,-8.5,7.2
1001099999,2025-03-18T20:00:00,70.9333333,-8.6666667,-8.7,8.8
1001099999,2025-03-18T21:00:00,70.9333333,-8.6666667,-8.5,4.6
1001099999,2025-03-18T22:00:00,70.9333333,-8.6666667,-8.7,5.1
1001099999,2025-03-18T23:00:00,70.9333333,-8.6666667,-8.5,6.0
1001099999,2025-03-19T00:00:00,70.9333333,-8.6666667,-8.5,5.1
1001099999,2025-03-19T01:00:00,70.9333333,-8.6666667,-8.5,4.2
1001099999,2025-03-19T02:00:00,70.9333333,-8.6666667,-8.5,4.1
1001099999,2025-03-19T03:00:00,70.9333333,-8.6666667,-8.5,3.7
1001099999,2025-03-19T04:00:00,70.9333333,-8.6666667,-8.7,0.9
1001099999,2025-03-19T05:00:00,70.9333333,-8.6666667,-8.5,2.6
1001099999,2025-03-19T06:00:00,70.9333333,-8.6666667,-8.5,2.0
1001099999,2025-03-19T07:00:00,70.9333333,-8.6666667,-8.7,2.0
1001099999,2025-03-19T08:00:00,70.9333333,-8.6666667,-8.2,2.9
1001099999,2025-03-19T09:00:00,70.9333333,-8.6666667,-8.1,3.0
1001099999,2025-03-19T10:00:00,70.9333333,-8.6666667,-7.9,2.5
1001099999,2025-03-19T11:00:00,70.9333333,-8.6666667,-7.5,1.5
1001099999,2025-03-19T12:00:00,70.9333333,-8.6666667,-7.3,2.0
1001099999,2025-03-19T13:00:00,70.9333333,-8.6666667,-7.4,1.6
1001099999,2025-03-19T14:00:00,70.9333333,-8.6666667,-7.2,2.5
1001099999,2025-03-19T15:00:00,70.9333333,-8.6666667,-7.3,1.0
1001099999,2025-03-19T16:00:00,70.9333333,-8.6666667,-7.7,3.4
1001099999,2025-03-19T17:00:00,70.9333333,-8.6666667,-8.0,2.5
1001099999,2025-03-19T18:00:00,70.9333333,-8.6666667,-8.2,1.9
1001099999,2025-03-19T19:00:00,70.9333333,-8.6666667,-7.5,2.2
1001099999,2025-03-19T20:00:00,70.9333333,-8.6666667,-7.2,3.5
1001099999,2025-03-19T21:00:00,70.9333333,-8.6666667,-6.9,3.7
1001099999,2025-03-19T22:00:00,70.9333333,-8.6666667,-6.7,4.5
1001099999,2025-03-19T23:00:00,70.9333333,-8.6666667,-6.5,4.1
1001099999,2025-03-20T00:00:00,70.9333333,-8.6666667,-6.2,4.0
1001099999,2025-03-20T01:00:00,70.9333333,-8.6666667,-6.0,4.0
1001099999,2025-03-20T02:00:00,70.9333333,-8.6666667,-5.7,3.3
1001099999,2025-03-20T03:00:00,70.9333333,-8.6666667,-5.0,5.4
1001099999,2025-03-20T04:00:00,70.9333333,-8.6666667,-4.5,5.5
1001099999,2025-03-20T05:00:00,70.9333333,-8.6666667,-4.0,6.1
1001099999,2025-03-20T06:00:00,70.9333333,-8.6666667,-3.6,7.0
1001099999,2025-03-20T07:00:00,70.9333333,-8.6666667,-3.2,7.0
1001099999,2025-03-20T09:00:00,70.9333333,-8.6666667,-2.4,8.0
1001099999,2025-03-20T11:00:00,70.9333333,-8.6666667,-1.2,7.8
1001099999,2025-03-20T12:00:00,70.9333333,-8.6666667,-0.6,8.0
1001099999,2025-03-20T13:00:00,70.9333333,-8.6666667,0.0,5.8
1001099999,2025-03-20T15:00:00,70.9333333,-8.6666667,0.2,7.0
1001099999,2025-03-20T16:00:00,70.9333333,-8.6666667,0.2,6.8
1001099999,2025-03-20T18:00:00,70.9333333,-8.6666667,1.1,7.4
1001099999,2025-03-20T19:00:00,70.9333333,-8.6666667,1.2,3.5
1001099999,2025-03-20T21:00:00,70.9333333,-8.6666667,1.2,5.7
1001099999,2025-03-21T00:00:00,70.9333333,-8.6666667,1.5,6.1
1001099999,2025-03-21T02:00:00,70.9333333,-8.6666667,1.5,7.9
1001099999,2025-03-21T03:00:00,70.9333333,-8.6666667,1.6,7.3
1001099999,2025-03-21T05:00:00,70.9333333,-8.6666667,2.0,9.1
1001099999,2025-03-21T06:00:00,70.9333333,-8.6666667,2.2,10.0
1001099999,2025-03-21T07:00:00,70.9333333,-8.6666667,2.1,9.5
1001099999,2025-03-21T08:00:00,70.9333333,-8.6666667,2.1,10.7
1001099999,2025-03-21T09:00:00,70.9333333,-8.6666667,1.5,8.0
1001099999,2025-03-21T11:00:00,70.9333333,-8.6666667,1.0,3.9
1001099999,2025-03-21T12:00:00,70.9333333,-8.6666667,0.6,6.0
1001099999,2025-03-21T13:00:00,70.9333333,-8.6666667,0.7,3.6
1001099999,2025-03-21T14:00:00,70.9333333,-8.6666667,1.0,2.0
1001099999,2025-03-21T15:00:00,70.9333333,-8.6666667,0.5,2.0
1001099999,2025-03-21T16:00:00,70.9333333,-8.6666667,0.2,4.0
1001099999,2025-03-21T17:00:00,70.9333333,-8.6666667,-0.2,5.4
1001099999,2025-03-21T18:00:00,70.9333333,-8.6666667,-0.5,5.0
1001099999,2025-03-21T19:00:00,70.9333333,-8.6666667,-0.5,4.8
1001099999,2025-03-21T20:00:00,70.9333333,-8.6666667,-0.5,2.5
1001099999,2025-03-21T21:00:00,70.9333333,-8.6666667,-0.5,1.7
1001099999,2025-03-21T23:00:00,70.9333333,-8.6666667,-0.5,1.1
1001099999,2025-03-22T00:00:00,70.9333333,-8.6666667,-0.5,0.8
1001099999,2025-03-22T01:00:00,70.9333333,-8.6666667,-1.4,7.0
1001099999,2025-03-22T02:00:00,70.9333333,-8.6666667,-1.9,11.8
1001099999,2025-03-22T03:00:00,70.9333333,-8.6666667,-2.2,14.7
1001099999,2025-03-22T04:00:00,70.9333333,-8.6666667,-2.9,15.7
1001099999,2025-03-22T05:00:00,70.9333333,-8.6666667,-3.0,15.6
1001099999,2025-03-22T06:00:00,70.9333333,-8.6666667,-3.5,16.0
1001099999,2025-03-22T07:00:00,70.9333333,-8.6666667,-3.5,17.2
1001099999,2025-03-22T08:00:00,70.9333333,-8.6666667,-3.7,18.8
1001099999,2025-03-22T09:00:00,70.9333333,-8.6666667,-4.5,21.0
1001099999,2025-03-22T10:00:00,70.9333333,-8.6666667,-5.0,19.8
1001099999,2025-03-22T11:00:00,70.9333333,-8.6666667,-5.7,19.9
1001099999,2025-03-22T12:00:00,70.9333333,-8.6666667,-6.5,21.0
1001099999,2025-03-22T13:00:00,70.9333333,-8.6666667,-7.2,21.6
1001099999,2025-03-22T14:00:00,70.9333333,-8.6666667,-7.5,7.4
1001099999,2025-03-22T15:00:00,70.9333333,-8.6666667,-7.7,6.0
1001099999,2025-03-22T17:00:00,70.9333333,-8.6666667,-7.7,14.2
1001099999,2025-03-22T18:00:00,70.9333333,-8.6666667,-7.9,13.2
1001099999,2025-03-22T19:00:00,70.9333333,-8.6666667,-7.9,12.3
1001099999,2025-03-22T20:00:00,70.9333333,-8.6666667,-8.0,13.4
1001099999,2025-03-22T21:00:00,70.9333333,-8.6666667,-8.0,10.4
1001099999,2025-03-23T00:00:00,70.9333333,-8.6666667,-7.5,14.5
1001099999,2025-03-23T03:00:00,70.9333333,-8.6666667,-8.0,14.1
1001099999,2025-03-23T05:00:00,70.9333333,-8.6666667,-7.7,7.8
1001099999,2025-03-23T06:00:00,70.9333333,-8.6666667,-7.6,3.0
1001099999,2025-03-23T09:00:00,70.9333333,-8.6666667,-5.7,2.0
1001099999,2025-03-23T12:00:00,70.9333333,-8.6666667,-4.9,3.0
1001099999,2025-03-23T13:00:00,70.9333333,-8.6666667,-4.0,4.4
1001099999,2025-03-23T15:00:00,70.9333333,-8.6666667,-4.4,8.0
1001099999,2025-03-23T16:00:00,70.9333333,-8.6666667,-4.2,8.6
1001099999,2025-03-23T18:00:00,70.9333333,-8.6666667,-3.2,10.1
1001099999,2025-03-23T19:00:00,70.9333333,-8.6666667,-3.7,5.8
1001099999,2025-03-23T20:00:00,70.9333333,-8.6666667,-4.2,10.7
1001099999,2025-03-23T21:00:00,70.9333333,-8.6666667,-4.2,10.3
1001099999,2025-03-24T00:00:00,70.9333333,-8.6666667,-5.0,14.4
1001099999,2025-03-24T01:00:00,70.9333333,-8.6666667,-5.0,17.0
1001099999,2025-03-24T03:00:00,70.9333333,-8.6666667,-5.2,16.3
1001099999,2025-03-24T05:00:00,70.9333333,-8.6666667,-5.7,14.0
1001099999,2025-03-24T06:00:00,70.9333333,-8.6666667,-5.3,16.0
1001099999,2025-03-24T09:00:00,70.9333333,-8.6666667,-5.2,13.0
1001099999,2025-03-24T12:00:00,70.9333333,-8.6666667,-5.3,10.0
1001099999,2025-03-24T13:00:00,70.9333333,-8.6666667,-5.2,8.0
1001099999,2025-03-24T15:00:00,70.9333333,-8.6666667,-5.9,10.0
1001099999,2025-03-24T17:00:00,70.9333333,-8.6666667,-6.7,7.2
1001099999,2025-03-24T18:00:00,70.9333333,-8.6666667,-6.9,5.6
1001099999,2025-03-24T19:00:00,70.9333333,-8.6666667,-7.0,5.6
1001099999,2025-03-24T21:00:00,70.9333333,-8.6666667,-7.0,5.9
1001099999,2025-03-25T00:00:00,70.9333333,-8.6666667,-6.9,4.6
1001099999,2025-03-25T01:00:00,70.9333333,-8.6666667,-6.9,4.1
1001099999,2025-03-25T02:00:00,70.9333333,-8.6666667,-6.9,3.6
1001099999,2025-03-25T03:00:00,70.9333333,-8.6666667,-6.9,3.2
1001099999,2025-03-25T06:00:00,70.9333333,-8.6666667,-6.3,3.0
1001099999,2025-03-25T09:00:00,70.9333333,-8.6666667,-6.6,5.0
1001099999,2025-03-25T12:00:00,70.9333333,-8.6666667,-6.5,4.0
1001099999,2025-03-25T15:00:00,70.9333333,-8.6666667,-5.9,3.0
1001099999,2025-03-25T18:00:00,70.9333333,-8.6666667,-5.7,2.9
1001099999,2025-03-25T21:00:00,70.9333333,-8.6666667,-6.0,5.1
1001099999,2025-03-26T00:00:00,70.9333333,-8.6666667,-6.2,5.8
1001099999,2025-03-26T03:00:00,70.9333333,-8.6666667,-6.5,6.0
1001099999,2025-03-26T06:00:00,70.9333333,-8.6666667,-7.4,7.8
1001099999,2025-03-26T08:00:00,70.9333333,-8.6666667,-7.5,5.8
1001099999,2025-03-26T09:00:00,70.9333333,-8.6666667,-7.5,5.0
1001099999,2025-03-26T10:00:00,70.9333333,-8.6666667,-7.4,6.0
1001099999,2025-03-26T12:00:00,70.9333333,-8.6666667,-7.1,6.0
1001099999,2025-03-26T14:00:00,70.9333333,-8.6666667,-7.0,5.7
1001099999,2025-03-26T15:00:00,70.9333333,-8.6666667,-6.8,6.0
1001099999,2025-03-26T17:00:00,70.9333333,-8.6666667,-7.0,6.3
1001099999,2025-03-26T18:00:00,70.9333333,-8.6666667,-7.2,6.5
1001099999,2025-03-26T19:00:00,70.9333333,-8.6666667,-7.5,10.6
1001099999,2025-03-26T21:00:00,70.9333333,-8.6666667,-7.2,10.9
1001099999,2025-03-26T23:00:00,70.9333333,-8.6666667,-7.0,6.1
1001099999,2025-03-27T00:00:00,70.9333333,-8.6666667,-7.0,6.8
1001099999,2025-03-27T03:00:00,70.9333333,-8.6666667,-6.7,10.1
1001099999,2025-03-27T06:00:00,70.9333333,-8.6666667,-6.7,10.2
1001099999,2025-03-27T08:00:00,70.9333333,-8.6666667,-6.0,8.7
1001099999,2025-03-27T09:00:00,70.9333333,-8.6666667,-6.6,11.0
1001099999,2025-03-27T10:00:00,70.9333333,-8.6666667,-6.5,11.0
1001099999,2025-03-27T11:00:00,70.9333333,-8.6666667,-6.5,10.4
1001099999,2025-03-27T12:00:00,70.9333333,-8.6666667,-6.5,11.0
1001099999,2025-03-27T13:00:00,70.9333333,-8.6666667,-6.5,10.4
1001099999,2025-03-27T14:00:00,70.9333333,-8.6666667,-6.7,8.9
1001099999,2025-03-27T15:00:00,70.9333333,-8.6666667,-7.0,10.0
1001099999,2025-03-27T16:00:00,70.9333333,-8.6666667,-7.0,7.9
1001099999,2025-03-27T17:00:00,70.9333333,-8.6666667,-7.2,8.9
1001099999,2025-03-27T18:00:00,70.9333333,-8.6666667,-7.2,9.0
1001099999,2025-03-27T19:00:00,70.9333333,-8.6666667,-7.2,10.2
1001099999,2025-03-27T20:00:00,70.9333333,-8.6666667,-7.2,11.3
1001099999,2025-03-27T21:00:00,70.9333333,-8.6666667,-6.9,6.8
1001099999,2025-03-27T22:00:00,70.9333333,-8.6666667,-6.7,9.2
1001099999,2025-03-27T23:00:00,70.9333333,-8.6666667,-6.7,8.1
1001099999,2025-03-28T00:00:00,70.9333333,-8.6666667,-6.5,7.3
1001099999,2025-03-28T01:00:00,70.9333333,-8.6666667,-6.5,7.2
1001099999,2025-03-28T02:00:00,70.9333333,-8.6666667,-6.4,8.3
1001099999,2025-03-28T03:00:00,70.9333333,-8.6666667,-6.7,9.1
1001099999,2025-03-28T04:00:00,70.9333333,-8.6666667,-6.4,7.6
1001099999,2025-03-28T05:00:00,70.9333333,-8.6666667,-6.5,8.1
1001099999,2025-03-28T06:00:00,70.9333333,-8.6666667,-6.8,8.0
1001099999,2025-03-28T07:00:00,70.9333333,-8.6666667,-7.0,8.4
1001099999,2025-03-28T08:00:00,70.9333333,-8.6666667,-7.0,9.6
1001099999,2025-03-28T09:00:00,70.9333333,-8.6666667,-6.7,8.0
1001099999,2025-03-28T10:00:00,70.9333333,-8.6666667,-6.7,9.0
1001099999,2025-03-28T11:00:00,70.9333333,-8.6666667,-6.7,7.8
1001099999,2025-03-28T12:00:00,70.9333333,-8.6666667,-6.5,9.0
1001099999,2025-03-28T13:00:00,70.9333333,-8.6666667,-5.9,6.2
1001099999,2025-03-28T14:00:00,70.9333333,-8.6666667,-5.7,7.6
1001099999,2025-03-28T16:00:00,70.9333333,-8.6666667,-5.7,7.4
1001099999,2025-03-28T17:00:00,70.9333333,-8.6666667,-5.9,7.1
1001099999,2025-03-28T18:00:00,70.9333333,-8.6666667,-6.0,5.8
1001099999,2025-03-28T19:00:00,70.9333333,-8.6666667,-6.2,5.6
1001099999,2025-03-28T20:00:00,70.9333333,-8.6666667,-6.4,6.9
1001099999,2025-03-28T21:00:00,70.9333333,-8.6666667,-6.2,5.4
1001099999,2025-03-28T22:00:00,70.9333333,-8.6666667,-6.4,6.8
1001099999,2025-03-28T23:00:00,70.9333333,-8.6666667,-6.0,4.8
1001099999,2025-03-29T00:00:00,70.9333333,-8.6666667,-6.0,3.9
1001099999,2025-03-29T01:00:00,70.9333333,-8.6666667,-5.7,5.0
1001099999,2025-03-29T02:00:00,70.9333333,-8.6666667,-5.5,3.3
1001099999,2025-03-29T03:00:00,70.9333333,-8.6666667,-5.0,4.1
1001099999,2025-03-29T04:00:00,70.9333333,-8.6666667,-5.0,7.9
1001099999,2025-03-29T05:00:00,70.9333333,-8.6666667,-5.2,7.9
1001099999,2025-03-29T06:00:00,70.9333333,-8.6666667,-4.9,7.0
1001099999,2025-03-29T07:00:00,70.9333333,-8.6666667,-4.7,7.1
1001099999,2025-03-29T08:00:00,70.9333333,-8.6666667,-4.5,8.9
1001099999,2025-03-29T09:00:00,70.9333333,-8.6666667,-4.4,9.0
1001099999,2025-03-29T10:00:00,70.9333333,-8.6666667,-4.0,10.2
1001099999,2025-03-29T11:00:00,70.9333333,-8.6666667,-3.7,11.1
1001099999,2025-03-29T12:00:00,70.9333333,-8.6666667,-4.0,11.0
1001099999,2025-03-29T13:00:00,70.9333333,-8.6666667,-3.2,10.7
1001099999,2025-03-29T14:00:00,70.9333333,-8.6666667,-2.7,9.1
1001099999,2025-03-29T15:00:00,70.9333333,-8.6666667,-2.0,7.0
1001099999,2025-03-29T16:00:00,70.9333333,-8.6666667,-1.5,7.6
1001099999,2025-03-29T18:00:00,70.9333333,-8.6666667,-1.4,4.2
1001099999,2025-03-29T19:00:00,70.9333333,-8.6666667,-1.5,6.5
1001099999,2025-03-29T21:00:00,70.9333333,-8.6666667,-1.7,4.8
1001099999,2025-03-29T22:00:00,70.9333333,-8.6666667,-1.5,0.5
1001099999,2025-03-29T23:00:00,70.9333333,-8.6666667,-1.5,2.9
1001099999,2025-03-30T00:00:00,70.9333333,-8.6666667,-1.5,7.6
1001099999,2025-03-30T01:00:00,70.9333333,-8.6666667,-1.2,4.7
1001099999,2025-03-30T02:00:00,70.9333333,-8.6666667,-1.2,3.8
1001099999,2025-03-30T03:00:00,70.9333333,-8.6666667,-1.2,7.5
1001099999,2025-03-30T04:00:00,70.9333333,-8.6666667,-1.0,6.2
1001099999,2025-03-30T05:00:00,70.9333333,-8.6666667,-1.0,6.5
1001099999,2025-03-30T06:00:00,70.9333333,-8.6666667,-1.2,6.0
1001099999,2025-03-30T07:00:00,70.9333333,-8.6666667,-1.7,9.4
1001099999,2025-03-30T09:00:00,70.9333333,-8.6666667,-2.0,9.0
1001099999,2025-03-30T10:00:00,70.9333333,-8.6666667,-2.0,7.8
1001099999,2025-03-30T11:00:00,70.9333333,-8.6666667,-2.0,8.5
1001099999,2025-03-30T12:00:00,70.9333333,-8.6666667,-2.3,10.0
1001099999,2025-03-30T13:00:00,70.9333333,-8.6666667,-3.0,10.6
1001099999,2025-03-30T14:00:00,70.9333333,-8.6666667,-2.7,8.9
1001099999,2025-03-30T15:00:00,70.9333333,-8.6666667,-3.1,10.0
1001099999,2025-03-30T18:00:00,70.9333333,-8.6666667,-3.0,6.5
1001099999,2025-03-30T19:00:00,70.9333333,-8.6666667,-2.7,6.9
1001099999,2025-03-30T20:00:00,70.9333333,-8.6666667,-2.5,5.2
1001099999,2025-03-30T21:00:00,70.9333333,-8.6666667,-2.2,1.9
1001099999,2025-03-30T22:00:00,70.9333333,-8.6666667,-2.0,1.4
1001099999,2025-03-30T23:00:00,70.9333333,-8.6666667,-1.2,3.9
1001099999,2025-03-31T00:00:00,70.9333333,-8.6666667,-1.0,7.3
1001099999,2025-03-31T01:00:00,70.9333333,-8.6666667,-1.0,7.7
1001099999,2025-03-31T02:00:00,70.9333333,-8.6666667,-1.2,5.8
1001099999,2025-03-31T03:00:00,70.9333333,-8.6666667,-1.4,3.7
1001099999,2025-03-31T04:00:00,70.9333333,-8.6666667,-1.2,5.7
1001099999,2025-03-31T05:00:00,70.9333333,-8.6666667,-1.2,6.1
1001099999,2025-03-31T06:00:00,70.9333333,-8.6666667,-1.2,7.2
1001099999,2025-03-31T07:00:00,70.9333333,-8.6666667,-1.4,8.9
1001099999,2025-03-31T08:00:00,70.9333333,-8.6666667,-1.0,10.2
1001099999,2025-03-31T09:00:00,70.9333333,-8.6666667,-0.4,11.0
1001099999,2025-03-31T10:00:00,70.9333333,-8.6666667,0.0,10.9
1001099999,2025-03-31T11:00:00,70.9333333,-8.6666667,0.2,11.0
1001099999,2025-03-31T12:00:00,70.9333333,-8.6666667,0.6,9.9
1001099999,2025-03-31T13:00:00,70.9333333,-8.6666667,0.7,10.0
1001099999,2025-03-31T14:00:00,70.9333333,-8.6666667,0.7,9.7
1001099999,2025-03-31T15:00:00,70.9333333,-8.6666667,1.0,9.0
1001099999,2025-03-31T17:00:00,70.9333333,-8.6666667,1.5,1.1
1001099999,2025-03-31T18:00:00,70.9333333,-8.6666667,1.4,2.0
1001099999,2025-03-31T19:00:00,70.9333333,-8.6666667,1.0,2.8
1001099999,2025-03-31T20:00:00,70.9333333,-8.6666667,1.2,2.6
1001099999,2025-03-31T21:00:00,70.9333333,-8.6666667,1.2,0.9
1001099999,2025-03-31T22:00:00,70.9333333,-8.6666667,1.0,0.6
1001099999,2025-03-31T23:00:00,70.9333333,-8.6666667,0.7,2.6
1001099999,2025-04-01T00:00:00,70.9333333,-8.6666667,0.5,3.2
1001099999,2025-04-01T01:00:00,70.9333333,-8.6666667,0.2,1.9
1001099999,2025-04-01T03:00:00,70.9333333,-8.6666667,0.1,4.8
1001099999,2025-04-01T04:00:00,70.9333333,-8.6666667,-0.5,5.2
1001099999,2025-04-01T05:00:00,70.9333333,-8.6666667,-0.5,5.4
1001099999,2025-04-01T06:00:00,70.9333333,-8.6666667,-0.5,2.7
1001099999,2025-04-01T08:00:00,70.9333333,-8.6666667,0.0,3.8
1001099999,2025-04-01T09:00:00,70.9333333,-8.6666667,-0.1,1.0
1001099999,2025-04-01T10:00:00,70.9333333,-8.6666667,0.0,1.0
1001099999,2025-04-01T11:00:00,70.9333333,-8.6666667,0.1,1.9
1001099999,2025-04-01T12:00:00,70.9333333,-8.6666667,0.3,3.0
1001099999,2025-04-01T13:00:00,70.9333333,-8.6666667,0.5,3.3
1001099999,2025-04-01T14:00:00,70.9333333,-8.6666667,0.7,1.2
1001099999,2025-04-01T15:00:00,70.9333333,-8.6666667,0.9,2.0
1001099999,2025-04-01T16:00:00,70.9333333,-8.6666667,1.0,9.7
1001099999,2025-04-01T17:00:00,70.9333333,-8.6666667,0.5,9.6
1001099999,2025-04-01T18:00:00,70.9333333,-8.6666667,0.2,6.7
1001099999,2025-04-01T20:00:00,70.9333333,-8.6666667,-1.2,8.3
1001099999,2025-04-01T21:00:00,70.9333333,-8.6666667,-1.5,8.3
1001099999,2025-04-01T22:00:00,70.9333333,-8.6666667,-2.0,9.6
1001099999,2025-04-01T23:00:00,70.9333333,-8.6666667,-2.2,6.3
1001099999,2025-04-02T00:00:00,70.9333333,-8.6666667,-2.2,5.8
1001099999,2025-04-02T01:00:00,70.9333333,-8.6666667,-2.2,6.8
1001099999,2025-04-02T02:00:00,70.9333333,-8.6666667,-2.2,4.9
1001099999,2025-04-02T03:00:00,70.9333333,-8.6666667,-1.9,2.3
1001099999,2025-04-02T04:00:00,70.9333333,-8.6666667,-1.7,2.1
1001099999,2025-04-02T05:00:00,70.9333333,-8.6666667,-1.7,6.7
1001099999,2025-04-02T06:00:00,70.9333333,-8.6666667,-1.8,7.0
1001099999,2025-04-02T08:00:00,70.9333333,-8.6666667,-1.5,2.6
1001099999,2025-04-02T09:00:00,70.9333333,-8.6666667,-1.3,7.0
1001099999,2025-04-02T10:00:00,70.9333333,-8.6666667,-1.2,7.6
1001099999,2025-04-02T11:00:00,70.9333333,-8.6666667,-1.2,8.5
1001099999,2025-04-02T12:00:00,70.9333333,-8.6666667,-1.2,8.1
1001099999,2025-04-02T14:00:00,70.9333333,-8.6666667,-1.0,8.5
1001099999,2025-04-02T15:00:00,70.9333333,-8.6666667,-0.7,8.0
1001099999,2025-04-02T16:00:00,70.9333333,-8.6666667,-1.0,9.2
1001099999,2025-04-02T17:00:00,70.9333333,-8.6666667,-0.5,9.7
1001099999,2025-04-02T18:00:00,70.9333333,-8.6666667,-1.9,9.6
1001099999,2025-04-02T21:00:00,70.9333333,-8.6666667,-4.2,19.0
1001099999,2025-04-02T22:00:00,70.9333333,-8.6666667,-4.7,18.4
1001099999,2025-04-02T23:00:00,70.9333333,-8.6666667,-4.9,19.4
1001099999,2025-04-03T00:00:00,70.9333333,-8.6666667,-4.9,16.8
1001099999,2025-04-03T01:00:00,70.9333333,-8.6666667,-5.4,13.9
1001099999,2025-04-03T02:00:00,70.9333333,-8.6666667,-5.4,13.6
1001099999,2025-04-03T03:00:00,70.9333333,-8.6666667,-5.5,12.7
1001099999,2025-04-03T04:00:00,70.9333333,-8.6666667,-6.0,10.8
1001099999,2025-04-03T05:00:00,70.9333333,-8.6666667,-6.7,9.9
1001099999,2025-04-03T06:00:00,70.9333333,-8.6666667,-7.2,10.0
1001099999,2025-04-03T07:00:00,70.9333333,-8.6666667,-7.5,9.5
1001099999,2025-04-03T09:00:00,70.9333333,-8.6666667,-7.8,9.0
1001099999,2025-04-03T11:00:00,70.9333333,-8.6666667,-7.5,5.6
1001099999,2025-04-03T12:00:00,70.9333333,-8.6666667,-7.3,5.0
1001099999,2025-04-03T15:00:00,70.9333333,-8.6666667,-6.3,4.0
1001099999,2025-04-03T17:00:00,70.9333333,-8.6666667,-4.7,2.2
1001099999,2025-04-03T18:00:00,70.9333333,-8.6666667,-4.2,0.4
1001099999,2025-04-03T21:00:00,70.9333333,-8.6666667,-2.2,6.6
1001099999,2025-04-04T00:00:00,70.9333333,-8.6666667,-3.7,8.0
1001099999,2025-04-04T03:00:00,70.9333333,-8.6666667,-4.5,5.8
1001099999,2025-04-04T06:00:00,70.9333333,-8.6666667,-4.4,4.0
1001099999,2025-04-04T07:00:00,70.9333333,-8.6666667,-4.2,4.8
1001099999,2025-04-04T09:00:00,70.9333333,-8.6666667,-2.3,1.0
1001099999,2025-04-04T12:00:00,70.9333333,-8.6666667,-0.6,1.0
1001099999,2025-04-04T15:00:00,70.9333333,-8.6666667,-0.3,2.0
1001099999,2025-04-04T18:00:00,70.9333333,-8.6666667,3.0,9.2
1001099999,2025-04-04T21:00:00,70.9333333,-8.6666667,2.0,10.3
1001099999,2025-04-05T00:00:00,70.9333333,-8.6666667,1.2,16.4
1001099999,2025-04-05T03:00:00,70.9333333,-8.6666667,1.2,12.4
1001099999,2025-04-05T06:00:00,70.9333333,-8.6666667,0.9,20.0
1001099999,2025-04-05T09:00:00,70.9333333,-8.6666667,0.9,18.0
1001099999,2025-04-05T12:00:00,70.9333333,-8.6666667,1.1,11.0
1001099999,2025-04-05T15:00:00,70.9333333,-8.6666667,2.5,3.0
1001099999,2025-04-05T18:00:00,70.9333333,-8.6666667,3.2,7.5
1001099999,2025-04-05T21:00:00,70.9333333,-8.6666667,3.0,5.0
1001099999,2025-04-06T00:00:00,70.9333333,-8.6666667,3.7,6.5
1001099999,2025-04-06T03:00:00,70.9333333,-8.6666667,3.0,4.8
1001099999,2025-04-06T06:00:00,70.9333333,-8.6666667,4.1,5.0
1001099999,2025-04-06T09:00:00,70.9333333,-8.6666667,2.1,5.0
1001099999,2025-04-06T12:00:00,70.9333333,-8.6666667,2.9,11.0
1001099999,2025-04-06T14:00:00,70.9333333,-8.6666667,3.0,4.4
1001099999,2025-04-06T15:00:00,70.9333333,-8.6666667,3.8,3.0
1001099999,2025-04-06T18:00:00,70.9333333,-8.6666667,2.0,12.2
1001099999,2025-04-06T21:00:00,70.9333333,-8.6666667,1.5,3.5
1001099999,2025-04-07T00:00:00,70.9333333,-8.6666667,1.5,10.3
1001099999,2025-04-07T03:00:00,70.9333333,-8.6666667,2.0,2.3
1001099999,2025-04-07T06:00:00,70.9333333,-8.6666667,1.2,1.0
1001099999,2025-04-07T09:00:00,70.9333333,-8.6666667,1.5,1.0
1001099999,2025-04-07T10:00:00,70.9333333,-8.6666667,1.2,0.9
1001099999,2025-04-07T11:00:00,70.9333333,-8.6666667,1.2,2.3
1001099999,2025-04-07T12:00:00,70.9333333,-8.6666667,1.2,1.0
1001099999,2025-04-07T13:00:00,70.9333333,-8.6666667,1.2,2.0
1001099999,2025-04-07T14:00:00,70.9333333,-8.6666667,1.5,1.9
1001099999,2025-04-07T15:00:00,70.9333333,-8.6666667,1.4,1.0
1001099999,2025-04-07T16:00:00,70.9333333,-8.6666667,1.0,3.3
1001099999,2025-04-07T17:00:00,70.9333333,-8.6666667,2.7,2.1
1001099999,2025-04-07T18:00:00,70.9333333,-8.6666667,5.2,8.6
1001099999,2025-04-07T19:00:00,70.9333333,-8.6666667,1.7,8.4
1001099999,2025-04-07T21:00:00,70.9333333,-8.6666667,-3.4,16.6
1001099999,2025-04-07T22:00:00,70.9333333,-8.6666667,-5.0,17.5
1001099999,2025-04-08T00:00:00,70.9333333,-8.6666667,-7.2,18.3
1001099999,2025-04-08T01:00:00,70.9333333,-8.6666667,-7.7,17.4
1001099999,2025-04-08T02:00:00,70.9333333,-8.6666667,-8.5,18.8
1001099999,2025-04-08T03:00:00,70.9333333,-8.6666667,-8.7,15.4
1001099999,2025-04-08T04:00:00,70.9333333,-8.6666667,-9.2,13.6
1001099999,2025-04-08T05:00:00,70.9333333,-8.6666667,-9.5,13.4
1001099999,2025-04-08T06:00:00,70.9333333,-8.6666667,-9.7,13.0
1001099999,2025-04-08T07:00:00,70.9333333,-8.6666667,-9.7,11.6
1001099999,2025-04-08T08:00:00,70.9333333,-8.6666667,-9.5,11.8
1001099999,2025-04-08T09:00:00,70.9333333,-8.6666667,-9.7,9.0
1001099999,2025-04-08T10:00:00,70.9333333,-8.6666667,-9.7,11.3
1001099999,2025-04-08T11:00:00,70.9333333,-8.6666667,-9.4,11.0
1001099999,2025-04-08T12:00:00,70.9333333,-8.6666667,-9.2,10.0
1001099999,2025-04-08T14:00:00,70.9333333,-8.6666667,-9.0,9.8
1001099999,2025-04-08T15:00:00,70.9333333,-8.6666667,-8.9,6.0
1001099999,2025-04-08T16:00:00,70.9333333,-8.6666667,-9.0,5.8
1001099999,2025-04-08T18:00:00,70.9333333,-8.6666667,-9.0,4.6
1001099999,2025-04-08T19:00:00,70.9333333,-8.6666667,-8.9,4.0
1001099999,2025-04-08T21:00:00,70.9333333,-8.6666667,-8.4,0.5
1001099999,2025-04-08T22:00:00,70.9333333,-8.6666667,-7.9,2.1
1001099999,2025-04-08T23:00:00,70.9333333,-8.6666667,-7.0,5.3
1001099999,2025-04-09T00:00:00,70.9333333,-8.6666667,-6.5,5.1
1001099999,2025-04-09T01:00:00,70.9333333,-8.6666667,-6.0,4.9
1001099999,2025-04-09T02:00:00,70.9333333,-8.6666667,-4.0,5.8
1001099999,2025-04-09T03:00:00,70.9333333,-8.6666667,-3.2,5.7
1001099999,2025-04-09T05:00:00,70.9333333,-8.6666667,-2.5,8.9
1001099999,2025-04-09T06:00:00,70.9333333,-8.6666667,-2.2,8.0
1001099999,2025-04-09T07:00:00,70.9333333,-8.6666667,-1.5,7.8
1001099999,2025-04-09T08:00:00,70.9333333,-8.6666667,-1.2,6.9
1001099999,2025-04-09T09:00:00,70.9333333,-8.6666667,-0.7,7.0
1001099999,2025-04-09T10:00:00,70.9333333,-8.6666667,-0.2,7.9
1001099999,2025-04-09T12:00:00,70.9333333,-8.6666667,0.1,5.0
1001099999,2025-04-09T13:00:00,70.9333333,-8.6666667,0.2,3.7
1001099999,2025-04-09T15:00:00,70.9333333,-8.6666667,0.9,6.0
1001099999,2025-04-09T17:00:00,70.9333333,-8.6666667,0.0,8.6
1001099999,2025-04-09T18:00:00,70.9333333,-8.6666667,-0.2,9.8
1001099999,2025-04-09T20:00:00,70.9333333,-8.6666667,-0.2,6.2
1001099999,2025-04-09T21:00:00,70.9333333,-8.6666667,-0.5,7.5
1001099999,2025-04-09T22:00:00,70.9333333,-8.6666667,-1.0,11.3
1001099999,2025-04-09T23:00:00,70.9333333,-8.6666667,-1.2,9.5
1001099999,2025-04-10T00:00:00,70.9333333,-8.6666667,-1.4,10.8
1001099999,2025-04-10T03:00:00,70.9333333,-8.6666667,-3.5,13.1
1001099999,2025-04-10T06:00:00,70.9333333,-8.6666667,-4.1,11.0
1001099999,2025-04-10T08:00:00,70.9333333,-8.6666667,-3.5,3.0
1001099999,2025-04-10T09:00:00,70.9333333,-8.6666667,-3.4,2.0
1001099999,2025-04-10T10:00:00,70.9333333,-8.6666667,-3.2,5.8
1001099999,2025-04-10T11:00:00,70.9333333,-8.6666667,-3.2,7.6
1001099999,2025-04-10T12:00:00,70.9333333,-8.6666667,-3.1,6.0
1001099999,2025-04-10T13:00:00,70.9333333,-8.6666667,-2.9,5.5
1001099999,2025-04-10T15:00:00,70.9333333,-8.6666667,-2.9,6.0
1001099999,2025-04-10T16:00:00,70.9333333,-8.6666667,-3.0,6.1
1001099999,2025-04-10T17:00:00,70.9333333,-8.6666667,-3.4,7.6
1001099999,2025-04-10T18:00:00,70.9333333,-8.6666667,-3.5,7.9
1001099999,2025-04-10T19:00:00,70.9333333,-8.6666667,-3.5,8.3
1001099999,2025-04-10T20:00:00,70.9333333,-8.6666667,-3.5,7.7
1001099999,2025-04-10T21:00:00,70.9333333,-8.6666667,-3.5,5.6
1001099999,2025-04-10T23:00:00,70.9333333,-8.6666667,-3.4,6.4
1001099999,2025-04-11T00:00:00,70.9333333,-8.6666667,-3.7,1.5
1001099999,2025-04-11T02:00:00,70.9333333,-8.6666667,-3.7,1.3
1001099999,2025-04-11T03:00:00,70.9333333,-8.6666667,-3.4,3.0
1001099999,2025-04-11T05:00:00,70.9333333,-8.6666667,-3.0,8.3
1001099999,2025-04-11T06:00:00,70.9333333,-8.6666667,-3.0,4.0
1001099999,2025-04-11T07:00:00,70.9333333,-8.6666667,-2.9,1.6
1001099999,2025-04-11T08:00:00,70.9333333,-8.6666667,-2.5,1.7
1001099999,2025-04-11T09:00:00,70.9333333,-8.6666667,-2.6,1.0
1001099999,2025-04-11T10:00:00,70.9333333,-8.6666667,-2.7,6.8
1001099999,2025-04-11T11:00:00,70.9333333,-8.6666667,-2.5,8.6
1001099999,2025-04-11T12:00:00,70.9333333,-8.6666667,-2.4,9.0
1001099999,2025-04-11T14:00:00,70.9333333,-8.6666667,-0.5,9.5
1001099999,2025-04-11T15:00:00,70.9333333,-8.6666667,0.0,10.9
1001099999,2025-04-11T17:00:00,70.9333333,-8.6666667,0.0,11.0
1001099999,2025-04-11T18:00:00,70.9333333,-8.6666667,-0.5,11.9
1001099999,2025-04-11T19:00:00,70.9333333,-8.6666667,-0.5,12.1
1001099999,2025-04-11T20:00:00,70.9333333,-8.6666667,-1.0,12.5
1001099999,2025-04-11T21:00:00,70.9333333,-8.6666667,-1.2,12.8
1001099999,2025-04-11T22:00:00,70.9333333,-8.6666667,-1.2,10.2
1001099999,2025-04-12T00:00:00,70.9333333,-8.6666667,-1.7,9.8
1001099999,2025-04-12T01:00:00,70.9333333,-8.6666667,-1.9,6.5
1001099999,2025-04-12T02:00:00,70.9333333,-8.6666667,-2.2,2.1
1001099999,2025-04-12T03:00:00,70.9333333,-8.6666667,-2.5,1.9
1001099999,2025-04-12T04:00:00,70.9333333,-8.6666667,-2.5,5.1
1001099999,2025-04-12T06:00:00,70.9333333,-8.6666667,-2.9,1.0
1001099999,2025-04-12T07:00:00,70.9333333,-8.6666667,-3.0,5.7
1001099999,2025-04-12T08:00:00,70.9333333,-8.6666667,-3.4,8.1
1001099999,2025-04-12T09:00:00,70.9333333,-8.6666667,-3.2,6.8
1001099999,2025-04-12T11:00:00,70.9333333,-8.6666667,-2.9,6.4
1001099999,2025-04-12T12:00:00,70.9333333,-8.6666667,-2.7,7.8
1001099999,2025-04-12T13:00:00,70.9333333,-8.6666667,-2.9,7.6
1001099999,2025-04-12T14:00:00,70.9333333,-8.6666667,-3.0,9.4
1001099999,2025-04-12T15:00:00,70.9333333,-8.6666667,-3.1,9.0
1001099999,2025-04-12T16:00:00,70.9333333,-8.6666667,-3.5,10.2
1001099999,2025-04-12T17:00:00,70.9333333,-8.6666667,-3.5,10.1
1001099999,2025-04-12T18:00:00,70.9333333,-8.6666667,-3.4,8.2
1001099999,2025-04-12T19:00:00,70.9333333,-8.6666667,-3.4,8.9
1001099999,2025-04-12T20:00:00,70.9333333,-8.6666667,-3.4,8.7
1001099999,2025-04-12T21:00:00,70.9333333,-8.6666667,-3.4,10.0
1001099999,2025-04-12T23:00:00,70.9333333,-8.6666667,-3.9,11.1
1001099999,2025-04-13T00:00:00,70.9333333,-8.6666667,-3.7,11.0
1001099999,2025-04-13T01:00:00,70.9333333,-8.6666667,-3.7,10.0
1001099999,2025-04-13T03:00:00,70.9333333,-8.6666667,-4.5,6.4
1001099999,2025-04-13T04:00:00,70.9333333,-8.6666667,-5.5,9.2
1001099999,2025-04-13T05:00:00,70.9333333,-8.6666667,-6.0,11.2
1001099999,2025-04-13T06:00:00,70.9333333,-8.6666667,-6.5,11.7
1001099999,2025-04-13T07:00:00,70.9333333,-8.6666667,-6.7,9.7
1001099999,2025-04-13T08:00:00,70.9333333,-8.6666667,-6.9,11.8
1001099999,2025-04-13T09:00:00,70.9333333,-8.6666667,-6.7,9.9
1001099999,2025-04-13T11:00:00,70.9333333,-8.6666667,-6.7,9.8
1001099999,2025-04-13T12:00:00,70.9333333,-8.6666667,-6.5,11.2
1001099999,2025-04-13T15:00:00,70.9333333,-8.6666667,-5.9,11.2
1001099999,2025-04-13T16:00:00,70.9333333,-8.6666667,-5.2,4.8
1001099999,2025-04-13T18:00:00,70.9333333,-8.6666667,-5.0,4.6
1001099999,2025-04-13T19:00:00,70.9333333,-8.6666667,-5.2,4.3
1001099999,2025-04-13T21:00:00,70.9333333,-8.6666667,-5.0,9.7
1001099999,2025-04-13T23:00:00,70.9333333,-8.6666667,-4.7,9.3
1001099999,2025-04-14T00:00:00,70.9333333,-8.6666667,-3.9,5.3
1001099999,2025-04-14T01:00:00,70.9333333,-8.6666667,-2.9,4.6
1001099999,2025-04-14T02:00:00,70.9333333,-8.6666667,-2.5,8.0
1001099999,2025-04-14T03:00:00,70.9333333,-8.6666667,-2.4,13.1
1001099999,2025-04-14T04:00:00,70.9333333,-8.6666667,-2.2,9.7
1001099999,2025-04-14T05:00:00,70.9333333,-8.6666667,-2.2,10.6
1001099999,2025-04-14T06:00:00,70.9333333,-8.6666667,-2.3,8.0
1001099999,2025-04-14T07:00:00,70.9333333,-8.6666667,-1.9,4.9
1001099999,2025-04-14T08:00:00,70.9333333,-8.6666667,-2.0,1.4
1001099999,2025-04-14T09:00:00,70.9333333,-8.6666667,-2.4,10.0
1001099999,2025-04-14T10:00:00,70.9333333,-8.6666667,-1.7,8.3
1001099999,2025-04-14T11:00:00,70.9333333,-8.6666667,-1.4,3.0
1001099999,2025-04-14T12:00:00,70.9333333,-8.6666667,-1.5,5.0
1001099999,2025-04-14T15:00:00,70.9333333,-8.6666667,-1.4,9.0
1001099999,2025-04-14T16:00:00,70.9333333,-8.6666667,-1.2,6.7
1001099999,2025-04-14T17:00:00,70.9333333,-8.6666667,-1.5,10.5
1001099999,2025-04-14T18:00:00,70.9333333,-8.6666667,-1.9,9.0
1001099999,2025-04-14T19:00:00,70.9333333,-8.6666667,-1.7,10.6
1001099999,2025-04-14T20:00:00,70.9333333,-8.6666667,-2.0,4.6
1001099999,2025-04-14T21:00:00,70.9333333,-8.6666667,-2.0,5.2
1001099999,2025-04-15T00:00:00,70.9333333,-8.6666667,-2.7,7.4
1001099999,2025-04-15T01:00:00,70.9333333,-8.6666667,-2.2,1.4
1001099999,2025-04-15T03:00:00,70.9333333,-8.6666667,-2.4,9.1
1001099999,2025-04-15T04:00:00,70.9333333,-8.6666667,-2.2,8.2
1001099999,2025-04-15T05:00:00,70.9333333,-8.6666667,-2.2,7.1
1001099999,2025-04-15T06:00:00,70.9333333,-8.6666667,-2.4,6.7
1001099999,2025-04-15T08:00:00,70.9333333,-8.6666667,-1.4,4.0
1001099999,2025-04-15T09:00:00,70.9333333,-8.6666667,-0.8,5.0
1001099999,2025-04-15T10:00:00,70.9333333,-8.6666667,-0.4,5.0
1001099999,2025-04-15T11:00:00,70.9333333,-8.6666667,-0.2,6.0
1001099999,2025-04-15T12:00:00,70.9333333,-8.6666667,0.0,8.0
1001099999,2025-04-15T13:00:00,70.9333333,-8.6666667,0.1,5.8
1001099999,2025-04-15T14:00:00,70.9333333,-8.6666667,0.2,7.8
1001099999,2025-04-15T15:00:00,70.9333333,-8.6666667,0.2,6.5
1001099999,2025-04-15T18:00:00,70.9333333,-8.6666667,-0.4,8.5
1001099999,2025-04-15T20:00:00,70.9333333,-8.6666667,-0.7,6.3
1001099999,2025-04-15T21:00:00,70.9333333,-8.6666667,-2.4,3.0
1001099999,2025-04-15T23:00:00,70.9333333,-8.6666667,-1.9,5.0
1001099999,2025-04-16T00:00:00,70.9333333,-8.6666667,-2.0,4.8
1001099999,2025-04-16T01:00:00,70.9333333,-8.6666667,-2.0,3.9
1001099999,2025-04-16T03:00:00,70.9333333,-8.6666667,-1.5,8.9
1001099999,2025-04-16T05:00:00,70.9333333,-8.6666667,-1.9,10.4
1001099999,2025-04-16T06:00:00,70.9333333,-8.6666667,-1.5,8.0
1001099999,2025-04-16T09:00:00,70.9333333,-8.6666667,-1.5,10.0
1001099999,2025-04-16T11:00:00,70.9333333,-8.6666667,-2.4,10.8
1001099999,2025-04-16T12:00:00,70.9333333,-8.6666667,-2.4,11.0
1001099999,2025-04-16T13:00:00,70.9333333,-8.6666667,-1.7,12.4
1001099999,2025-04-16T14:00:00,70.9333333,-8.6666667,-1.0,11.7
1001099999,2025-04-16T15:00:00,70.9333333,-8.6666667,-0.2,9.0
1001099999,2025-04-16T18:00:00,70.9333333,-8.6666667,0.7,5.9
1001099999,2025-04-16T21:00:00,70.9333333,-8.6666667,1.3,11.0
1001099999,2025-04-17T00:00:00,70.9333333,-8.6666667,0.7,6.8
1001099999,2025-04-17T01:00:00,70.9333333,-8.6666667,1.5,2.2
1001099999,2025-04-17T02:00:00,70.9333333,-8.6666667,0.5,7.4
1001099999,2025-04-17T03:00:00,70.9333333,-8.6666667,0.5,8.0
1001099999,2025-04-17T04:00:00,70.9333333,-8.6666667,2.0,5.5
1001099999,2025-04-17T05:00:00,70.9333333,-8.6666667,1.2,7.7
1001099999,2025-04-17T06:00:00,70.9333333,-8.6666667,0.5,7.5
1001099999,2025-04-17T07:00:00,70.9333333,-8.6666667,0.6,8.2
1001099999,2025-04-17T08:00:00,70.9333333,-8.6666667,1.1,7.8
1001099999,2025-04-17T09:00:00,70.9333333,-8.6666667,1.6,4.0
1001099999,2025-04-17T10:00:00,70.9333333,-8.6666667,1.7,4.0
1001099999,2025-04-17T12:00:00,70.9333333,-8.6666667,0.7,9.0
1001099999,2025-04-17T14:00:00,70.9333333,-8.6666667,0.7,3.1
1001099999,2025-04-17T15:00:00,70.9333333,-8.6666667,0.4,7.0
1001099999,2025-04-17T16:00:00,70.9333333,-8.6666667,0.5,8.1
1001099999,2025-04-17T17:00:00,70.9333333,-8.6666667,-0.5,10.9
1001099999,2025-04-17T18:00:00,70.9333333,-8.6666667,-1.0,9.7
1001099999,2025-04-17T19:00:00,70.9333333,-8.6666667,-1.5,6.4
1001099999,2025-04-17T21:00:00,70.9333333,-8.6666667,-1.7,4.5
1001099999,2025-04-17T23:00:00,70.9333333,-8.6666667,-2.2,7.2
1001099999,2025-04-18T00:00:00,70.9333333,-8.6666667,-2.0,8.3
1001099999,2025-04-18T01:00:00,70.9333333,-8.6666667,-1.9,4.9
1001099999,2025-04-18T02:00:00,70.9333333,-8.6666667,-1.7,6.8
1001099999,2025-04-18T03:00:00,70.9333333,-8.6666667,-1.5,7.4
1001099999,2025-04-18T05:00:00,70.9333333,-8.6666667,-1.7,5.7
1001099999,2025-04-18T06:00:00,70.9333333,-8.6666667,-1.6,7.0
1001099999,2025-04-18T07:00:00,70.9333333,-8.6666667,-1.5,6.0
1001099999,2025-04-18T09:00:00,70.9333333,-8.6666667,-1.5,6.0
1001099999,2025-04-18T10:00:00,70.9333333,-8.6666667,-1.5,5.4
1001099999,2025-04-18T11:00:00,70.9333333,-8.6666667,-1.4,5.6
1001099999,2025-04-18T12:00:00,70.9333333,-8.6666667,-1.6,6.0
1001099999,2025-04-18T13:00:00,70.9333333,-8.6666667,-1.9,4.7
1001099999,2025-04-18T14:00:00,70.9333333,-8.6666667,-1.9,4.9
1001099999,2025-04-18T15:00:00,70.9333333,-8.6666667,-2.2,6.0
1001099999,2025-04-18T16:00:00,70.9333333,-8.6666667,-2.2,4.6
1001099999,2025-04-18T18:00:00,70.9333333,-8.6666667,-3.2,4.5
1001099999,2025-04-18T19:00:00,70.9333333,-8.6666667,-3.9,4.1
1001099999,2025-04-18T20:00:00,70.9333333,-8.6666667,-4.2,3.0
1001099999,2025-04-18T21:00:00,70.9333333,-8.6666667,-4.5,3.0
1001099999,2025-04-18T22:00:00,70.9333333,-8.6666667,-4.9,3.2
1001099999,2025-04-18T23:00:00,70.9333333,-8.6666667,-5.2,2.4
1001099999,2025-04-19T00:00:00,70.9333333,-8.6666667,-5.5,2.3
1001099999,2025-04-19T01:00:00,70.9333333,-8.6666667,-6.0,1.4
1001099999,2025-04-19T02:00:00,70.9333333,-8.6666667,-6.2,0.9
1001099999,2025-04-19T03:00:00,70.9333333,-8.6666667,-6.4,2.7
1001099999,2025-04-19T04:00:00,70.9333333,-8.6666667,-6.0,2.9
1001099999,2025-04-19T05:00:00,70.9333333,-8.6666667,-5.5,0.4
1001099999,2025-04-19T06:00:00,70.9333333,-8.6666667,-4.8,2.0
1001099999,2025-04-19T07:00:00,70.9333333,-8.6666667,-4.2,1.0
1001099999,2025-04-19T08:00:00,70.9333333,-8.6666667,-3.5,1.7
1001099999,2025-04-19T09:00:00,70.9333333,-8.6666667,-2.7,2.0
1001099999,2025-04-19T10:00:00,70.9333333,-8.6666667,-2.7,4.8
1001099999,2025-04-19T11:00:00,70.9333333,-8.6666667,-2.7,5.7
1001099999,2025-04-19T12:00:00,70.9333333,-8.6666667,-2.4,6.6
1001099999,2025-04-19T13:00:00,70.9333333,-8.6666667,-2.2,7.6
1001099999,2025-04-19T14:00:00,70.9333333,-8.6666667,-2.2,9.3
1001099999,2025-04-19T15:00:00,70.9333333,-8.6666667,-2.5,3.1
1001099999,2025-04-19T16:00:00,70.9333333,-8.6666667,-3.4,6.3
1001099999,2025-04-19T17:00:00,70.9333333,-8.6666667,-3.4,4.8
1001099999,2025-04-19T18:00:00,70.9333333,-8.6666667,-4.2,7.9
1001099999,2025-04-19T19:00:00,70.9333333,-8.6666667,-4.7,6.5
1001099999,2025-04-19T20:00:00,70.9333333,-8.6666667,-5.0,6.8
1001099999,2025-04-19T21:00:00,70.9333333,-8.6666667,-5.7,7.4
1001099999,2025-04-19T22:00:00,70.9333333,-8.6666667,-6.0,6.4
1001099999,2025-04-19T23:00:00,70.9333333,-8.6666667,-6.2,5.1
1001099999,2025-04-20T00:00:00,70.9333333,-8.6666667,-6.4,5.8
1001099999,2025-04-20T02:00:00,70.9333333,-8.6666667,-6.5,5.9
1001099999,2025-04-20T03:00:00,70.9333333,-8.6666667,-6.7,4.8
1001099999,2025-04-20T04:00:00,70.9333333,-8.6666667,-6.7,4.6
1001099999,2025-04-20T06:00:00,70.9333333,-8.6666667,-6.3,3.0
1001099999,2025-04-20T07:00:00,70.9333333,-8.6666667,-6.2,3.1
1001099999,2025-04-20T08:00:00,70.9333333,-8.6666667,-6.0,5.1
1001099999,2025-04-20T09:00:00,70.9333333,-8.6666667,-5.8,4.0
1001099999,2025-04-20T10:00:00,70.9333333,-8.6666667,-5.2,3.0
1001099999,2025-04-20T11:00:00,70.9333333,-8.6666667,-4.7,1.0
1001099999,2025-04-20T12:00:00,70.9333333,-8.6666667,-4.1,1.0
1001099999,2025-04-20T13:00:00,70.9333333,-8.6666667,-4.7,1.0
1001099999,2025-04-20T15:00:00,70.9333333,-8.6666667,-4.4,5.0
1001099999,2025-04-20T16:00:00,70.9333333,-8.6666667,-4.5,3.1
1001099999,2025-04-20T17:00:00,70.9333333,-8.6666667,-4.5,1.3
1001099999,2025-04-20T18:00:00,70.9333333,-8.6666667,-4.4,2.5
1001099999,2025-04-20T19:00:00,70.9333333,-8.6666667,-4.7,4.2
1001099999,2025-04-20T20:00:00,70.9333333,-8.6666667,-4.7,3.7
1001099999,2025-04-20T21:00:00,70.9333333,-8.6666667,-4.9,2.3
1001099999,2025-04-20T22:00:00,70.9333333,-8.6666667,-5.2,1.8
1001099999,2025-04-20T23:00:00,70.9333333,-8.6666667,-6.0,1.5
1001099999,2025-04-21T00:00:00,70.9333333,-8.6666667,-5.7,2.2
1001099999,2025-04-21T01:00:00,70.9333333,-8.6666667,-5.2,2.0
1001099999,2025-04-21T02:00:00,70.9333333,-8.6666667,-5.2,1.3
1001099999,2025-04-21T03:00:00,70.9333333,-8.6666667,-5.0,1.7
1001099999,2025-04-21T04:00:00,70.9333333,-8.6666667,-4.9,1.4
1001099999,2025-04-21T05:00:00,70.9333333,-8.6666667,-4.5,2.0
1001099999,2025-04-21T06:00:00,70.9333333,-8.6666667,-4.3,1.0
1001099999,2025-04-21T07:00:00,70.9333333,-8.6666667,-3.4,6.9
1001099999,2025-04-21T08:00:00,70.9333333,-8.6666667,-3.5,3.6
1001099999,2025-04-21T09:00:00,70.9333333,-8.6666667,-3.4,2.0
1001099999,2025-04-21T10:00:00,70.9333333,-8.6666667,-3.0,2.5
1001099999,2025-04-21T12:00:00,70.9333333,-8.6666667,-2.9,2.5
1001099999,2025-04-21T13:00:00,70.9333333,-8.6666667,-2.7,2.9
1001099999,2025-04-21T14:00:00,70.9333333,-8.6666667,-2.5,2.5
1001099999,2025-04-21T15:00:00,70.9333333,-8.6666667,-2.5,3.0
1001099999,2025-04-21T16:00:00,70.9333333,-8.6666667,-2.4,2.3
1001099999,2025-04-21T17:00:00,70.9333333,-8.6666667,-2.2,8.1
1001099999,2025-04-21T18:00:00,70.9333333,-8.6666667,-2.5,9.3
1001099999,2025-04-21T21:00:00,70.9333333,-8.6666667,-3.0,8.3
1001099999,2025-04-21T22:00:00,70.9333333,-8.6666667,-3.0,7.0
1001099999,2025-04-21T23:00:00,70.9333333,-8.6666667,-3.2,7.8
1001099999,2025-04-22T00:00:00,70.9333333,-8.6666667,-3.4,7.4
1001099999,2025-04-22T01:00:00,70.9333333,-8.6666667,-3.5,5.0
1001099999,2025-04-22T02:00:00,70.9333333,-8.6666667,-3.7,4.2
1001099999,2025-04-22T03:00:00,70.9333333,-8.6666667,-4.0,5.0
1001099999,2025-04-22T04:00:00,70.9333333,-8.6666667,-4.4,1.2
1001099999,2025-04-22T06:00:00,70.9333333,-8.6666667,-4.7,4.3
1001099999,2025-04-22T07:00:00,70.9333333,-8.6666667,-5.2,2.8
1001099999,2025-04-22T08:00:00,70.9333333,-8.6666667,-5.5,1.7
1001099999,2025-04-22T09:00:00,70.9333333,-8.6666667,-3.7,3.0
1001099999,2025-04-22T11:00:00,70.9333333,-8.6666667,-2.9,2.5
1001099999,2025-04-22T12:00:00,70.9333333,-8.6666667,-3.0,1.7
1001099999,2025-04-22T13:00:00,70.9333333,-8.6666667,-3.2,2.1
1001099999,2025-04-22T15:00:00,70.9333333,-8.6666667,-3.1,2.0
1001099999,2025-04-22T16:00:00,70.9333333,-8.6666667,-3.2,1.1
1001099999,2025-04-22T17:00:00,70.9333333,-8.6666667,-3.7,1.7
1001099999,2025-04-22T18:00:00,70.9333333,-8.6666667,-4.0,2.2
1001099999,2025-04-22T20:00:00,70.9333333,-8.6666667,-4.0,2.1
1001099999,2025-04-22T21:00:00,70.9333333,-8.6666667,-4.0,1.1
1001099999,2025-04-22T23:00:00,70.9333333,-8.6666667,-4.0,1.0
1001099999,2025-04-23T00:00:00,70.9333333,-8.6666667,-4.2,1.1
1001099999,2025-04-23T01:00:00,70.9333333,-8.6666667,-4.5,0.9
1001099999,2025-04-23T03:00:00,70.9333333,-8.6666667,-4.9,1.0
1001099999,2025-04-23T06:00:00,70.9333333,-8.6666667,-5.3,2.0
1001099999,2025-04-23T09:00:00,70.9333333,-8.6666667,-2.9,2.0
1001099999,2025-04-23T10:00:00,70.9333333,-8.6666667,-2.2,1.1
1001099999,2025-04-23T11:00:00,70.9333333,-8.6666667,-2.2,1.2
1001099999,2025-04-23T12:00:00,70.9333333,-8.6666667,-1.7,8.8
1001099999,2025-04-23T13:00:00,70.9333333,-8.6666667,-1.9,5.8
1001099999,2025-04-23T15:00:00,70.9333333,-8.6666667,-2.6,7.0
1001099999,2025-04-23T16:00:00,70.9333333,-8.6666667,-2.5,10.1
1001099999,2025-04-23T17:00:00,70.9333333,-8.6666667,-1.7,7.1
1001099999,2025-04-23T18:00:00,70.9333333,-8.6666667,-2.5,8.9
1001099999,2025-04-23T19:00:00,70.9333333,-8.6666667,-3.0,9.2
1001099999,2025-04-23T20:00:00,70.9333333,-8.6666667,-3.2,7.9
1001099999,2025-04-23T21:00:00,70.9333333,-8.6666667,-3.4,6.6
1001099999,2025-04-23T22:00:00,70.9333333,-8.6666667,-3.5,4.6
1001099999,2025-04-23T23:00:00,70.9333333,-8.6666667,-3.9,5.1
1001099999,2025-04-24T00:00:00,70.9333333,-8.6666667,-4.5,7.1
1001099999,2025-04-24T01:00:00,70.9333333,-8.6666667,-4.7,6.7
1001099999,2025-04-24T02:00:00,70.9333333,-8.6666667,-4.9,4.4
1001099999,2025-04-24T03:00:00,70.9333333,-8.6666667,-4.9,2.8
1001099999,2025-04-24T05:00:00,70.9333333,-8.6666667,-4.2,0.4
1001099999,2025-04-24T06:00:00,70.9333333,-8.6666667,-4.4,1.0
1001099999,2025-04-24T07:00:00,70.9333333,-8.6666667,-3.5,2.3
1001099999,2025-04-24T09:00:00,70.9333333,-8.6666667,-1.7,1.0
1001099999,2025-04-24T11:00:00,70.9333333,-8.6666667,-0.4,1.3
1001099999,2025-04-24T12:00:00,70.9333333,-8.6666667,0.4,0.0
1001099999,2025-04-24T13:00:00,70.9333333,-8.6666667,-0.7,1.9
1001099999,2025-04-24T14:00:00,70.9333333,-8.6666667,-0.7,1.4
1001099999,2025-04-24T15:00:00,70.9333333,-8.6666667,-1.3,2.0
1001099999,2025-04-24T16:00:00,70.9333333,-8.6666667,-1.0,2.8
1001099999,2025-04-24T17:00:00,70.9333333,-8.6666667,-1.5,2.5
1001099999,2025-04-24T18:00:00,70.9333333,-8.6666667,-2.0,5.3
1001099999,2025-04-24T19:00:00,70.9333333,-8.6666667,-1.7,1.3
1001099999,2025-04-24T20:00:00,70.9333333,-8.6666667,-1.7,2.3
1001099999,2025-04-24T21:00:00,70.9333333,-8.6666667,-1.5,1.9
1001099999,2025-04-24T23:00:00,70.9333333,-8.6666667,-1.4,2.1
1001099999,2025-04-25T00:00:00,70.9333333,-8.6666667,-1.5,1.3
1001099999,2025-04-25T03:00:00,70.9333333,-8.6666667,-1.7,1.7
1001099999,2025-04-25T06:00:00,70.9333333,-8.6666667,-2.5,3.1
1001099999,2025-04-25T07:00:00,70.9333333,-8.6666667,-2.7,2.5
1001099999,2025-04-25T09:00:00,70.9333333,-8.6666667,-2.0,1.2
1001099999,2025-04-25T11:00:00,70.9333333,-8.6666667,-0.4,0.4
1001099999,2025-04-25T12:00:00,70.9333333,-8.6666667,0.0,1.0
1001099999,2025-04-25T13:00:00,70.9333333,-8.6666667,0.5,1.4
1001099999,2025-04-25T14:00:00,70.9333333,-8.6666667,-0.2,2.6
1001099999,2025-04-25T15:00:00,70.9333333,-8.6666667,0.0,1.3
1001099999,2025-04-25T16:00:00,70.9333333,-8.6666667,0.0,1.7
1001099999,2025-04-25T17:00:00,70.9333333,-8.6666667,0.0,1.7
1001099999,2025-04-25T18:00:00,70.9333333,-8.6666667,-0.2,2.0
1001099999,2025-04-25T21:00:00,70.9333333,-8.6666667,0.2,2.4
1001099999,2025-04-26T00:00:00,70.9333333,-8.6666667,1.1,1.9
1001099999,2025-04-26T03:00:00,70.9333333,-8.6666667,1.7,1.0
1001099999,2025-04-26T06:00:00,70.9333333,-8.6666667,1.6,2.0
1001099999,2025-04-26T09:00:00,70.9333333,-8.6666667,2.0,2.0
1001099999,2025-04-26T12:00:00,70.9333333,-8.6666667,1.7,3.0
1001099999,2025-04-26T15:00:00,70.9333333,-8.6666667,2.0,6.0
1001099999,2025-04-26T18:00:00,70.9333333,-8.6666667,2.1,6.5
1001099999,2025-04-26T21:00:00,70.9333333,-8.6666667,1.7,6.0
1001099999,2025-04-27T00:00:00,70.9333333,-8.6666667,1.7,2.1
1001099999,2025-04-27T01:00:00,70.9333333,-8.6666667,1.7,2.9
1001099999,2025-04-27T02:00:00,70.9333333,-8.6666667,1.6,3.0
1001099999,2025-04-27T03:00:00,70.9333333,-8.6666667,2.0,2.8
1001099999,2025-04-27T06:00:00,70.9333333,-8.6666667,1.3,2.0
1001099999,2025-04-27T09:00:00,70.9333333,-8.6666667,1.7,2.0
1001099999,2025-04-27T12:00:00,70.9333333,-8.6666667,2.5,1.0
1001099999,2025-04-27T15:00:00,70.9333333,-8.6666667,3.0,1.0
1001099999,2025-04-27T18:00:00,70.9333333,-8.6666667,3.0,0.8
1001099999,2025-04-27T21:00:00,70.9333333,-8.6666667,2.2,0.6
1001099999,2025-04-28T00:00:00,70.9333333,-8.6666667,2.0,1.0
1001099999,2025-04-28T03:00:00,70.9333333,-8.6666667,2.0,0.4
1001099999,2025-04-28T06:00:00,70.9333333,-8.6666667,2.0,1.0
1001099999,2025-04-28T09:00:00,70.9333333,-8.6666667,2.7,0.0
1001099999,2025-04-28T12:00:00,70.9333333,-8.6666667,3.6,0.0
1001099999,2025-04-28T15:00:00,70.9333333,-8.6666667,3.0,1.0
1001099999,2025-04-28T18:00:00,70.9333333,-8.6666667,2.6,0.9
1001099999,2025-04-28T19:00:00,70.9333333,-8.6666667,2.5,0.5
1001099999,2025-04-28T21:00:00,70.9333333,-8.6666667,1.8,2.0
1001099999,2025-04-29T00:00:00,70.9333333,-8.6666667,1.2,0.8
1001099999,2025-04-29T03:00:00,70.9333333,-8.6666667,1.1,0.6
1001099999,2025-04-29T06:00:00,70.9333333,-8.6666667,0.5,5.0
1001099999,2025-04-29T09:00:00,70.9333333,-8.6666667,0.4,5.0
1001099999,2025-04-29T12:00:00,70.9333333,-8.6666667,0.2,5.0
1001099999,2025-04-29T15:00:00,70.9333333,-8.6666667,0.2,4.0
1001099999,2025-04-29T18:00:00,70.9333333,-8.6666667,0.0,2.5
1001099999,2025-04-29T21:00:00,70.9333333,-8.6666667,-0.9,3.8
1001099999,2025-04-30T00:00:00,70.9333333,-8.6666667,-0.2,1.9
1001099999,2025-04-30T03:00:00,70.9333333,-8.6666667,-0.5,2.8
1001099999,2025-04-30T06:00:00,70.9333333,-8.6666667,-0.4,6.0
1001099999,2025-04-30T09:00:00,70.9333333,-8.6666667,0.5,4.0
1001099999,2025-04-30T12:00:00,70.9333333,-8.6666667,1.4,3.0
1001099999,2025-04-30T15:00:00,70.9333333,-8.6666667,1.4,4.0
1001099999,2025-04-30T16:00:00,70.9333333,-8.6666667,1.7,2.4
1001099999,2025-04-30T18:00:00,70.9333333,-8.6666667,1.5,1.4
1001099999,2025-04-30T19:00:00,70.9333333,-8.6666667,1.2,3.7
1001099999,2025-04-30T20:00:00,70.9333333,-8.6666667,0.2,6.1
1001099999,2025-04-30T21:00:00,70.9333333,-8.6666667,-0.2,4.2
1001099999,2025-04-30T23:00:00,70.9333333,-8.6666667,0.1,2.6
1001099999,2025-05-01T00:00:00,70.9333333,-8.6666667,0.5,2.4
1001099999,2025-05-01T03:00:00,70.9333333,-8.6666667,0.5,1.4
1001099999,2025-05-01T04:00:00,70.9333333,-8.6666667,0.5,2.1
1001099999,2025-05-01T06:00:00,70.9333333,-8.6666667,0.5,2.7
1001099999,2025-05-01T07:00:00,70.9333333,-8.6666667,1.2,0.3
1001099999,2025-05-01T08:00:00,70.9333333,-8.6666667,2.2,0.7
1001099999,2025-05-01T09:00:00,70.9333333,-8.6666667,2.0,0.7
1001099999,2025-05-01T10:00:00,70.9333333,-8.6666667,2.1,1.1
1001099999,2025-05-01T11:00:00,70.9333333,-8.6666667,1.2,4.6
1001099999,2025-05-01T12:00:00,70.9333333,-8.6666667,2.1,2.0
1001099999,2025-05-01T13:00:00,70.9333333,-8.6666667,2.6,2.9
1001099999,2025-05-01T15:00:00,70.9333333,-8.6666667,1.5,3.3
1001099999,2025-05-01T17:00:00,70.9333333,-8.6666667,1.0,5.1
1001099999,2025-05-01T18:00:00,70.9333333,-8.6666667,0.5,8.4
1001099999,2025-05-01T19:00:00,70.9333333,-8.6666667,0.0,7.5
1001099999,2025-05-01T21:00:00,70.9333333,-8.6666667,-1.0,9.7
1001099999,2025-05-01T22:00:00,70.9333333,-8.6666667,-0.7,10.8
1001099999,2025-05-02T00:00:00,70.9333333,-8.6666667,-1.7,10.5
1001099999,2025-05-02T03:00:00,70.9333333,-8.6666667,-2.5,9.2
1001099999,2025-05-02T06:00:00,70.9333333,-8.6666667,-3.6,9.0
1001099999,2025-05-02T08:00:00,70.9333333,-8.6666667,-3.0,9.4
1001099999,2025-05-02T09:00:00,70.9333333,-8.6666667,-3.4,8.0
1001099999,2025-05-02T10:00:00,70.9333333,-8.6666667,-3.4,8.3
1001099999,2025-05-02T11:00:00,70.9333333,-8.6666667,-3.5,9.9
1001099999,2025-05-02T12:00:00,70.9333333,-8.6666667,-3.4,10.0
1001099999,2025-05-02T15:00:00,70.9333333,-8.6666667,-3.1,10.0
1001099999,2025-05-02T17:00:00,70.9333333,-8.6666667,-3.5,10.7
1001099999,2025-05-02T18:00:00,70.9333333,-8.6666667,-3.5,10.6
1001099999,2025-05-02T19:00:00,70.9333333,-8.6666667,-3.4,12.0
1001099999,2025-05-02T21:00:00,70.9333333,-8.6666667,-2.7,9.9
1001099999,2025-05-02T22:00:00,70.9333333,-8.6666667,-2.7,11.0
1001099999,2025-05-03T00:00:00,70.9333333,-8.6666667,-2.9,11.0
1001099999,2025-05-03T01:00:00,70.9333333,-8.6666667,-3.2,11.4
1001099999,2025-05-03T03:00:00,70.9333333,-8.6666667,-4.0,10.4
1001099999,2025-05-03T06:00:00,70.9333333,-8.6666667,-3.8,8.0
1001099999,2025-05-03T08:00:00,70.9333333,-8.6666667,-3.5,9.1
1001099999,2025-05-03T09:00:00,70.9333333,-8.6666667,-3.6,8.0
1001099999,2025-05-03T10:00:00,70.9333333,-8.6666667,-3.5,6.3
1001099999,2025-05-03T11:00:00,70.9333333,-8.6666667,-3.5,4.7
1001099999,2025-05-03T12:00:00,70.9333333,-8.6666667,-3.1,7.0
1001099999,2025-05-03T15:00:00,70.9333333,-8.6666667,-1.8,10.0
1001099999,2025-05-03T18:00:00,70.9333333,-8.6666667,0.0,1.0
1001099999,2025-05-03T19:00:00,70.9333333,-8.6666667,0.1,6.8
1001099999,2025-05-03T21:00:00,70.9333333,-8.6666667,0.2,5.2
1001099999,2025-05-03T23:00:00,70.9333333,-8.6666667,0.7,10.0
1001099999,2025-05-04T00:00:00,70.9333333,-8.6666667,1.0,9.2
1001099999,2025-05-04T01:00:00,70.9333333,-8.6666667,1.1,7.8
1001099999,2025-05-04T02:00:00,70.9333333,-8.6666667,1.6,7.5
1001099999,2025-05-04T03:00:00,70.9333333,-8.6666667,1.2,6.2
1001099999,2025-05-04T05:00:00,70.9333333,-8.6666667,1.7,4.6
1001099999,2025-05-04T06:00:00,70.9333333,-8.6666667,1.5,8.0
1001099999,2025-05-04T08:00:00,70.9333333,-8.6666667,1.1,4.0
1001099999,2025-05-04T09:00:00,70.9333333,-8.6666667,0.9,12.0
1001099999,2025-05-04T12:00:00,70.9333333,-8.6666667,-0.9,9.0
1001099999,2025-05-04T13:00:00,70.9333333,-8.6666667,-1.9,9.9
1001099999,2025-05-04T14:00:00,70.9333333,-8.6666667,-2.2,9.8
1001099999,2025-05-04T15:00:00,70.9333333,-8.6666667,-1.9,9.0
1001099999,2025-05-04T16:00:00,70.9333333,-8.6666667,-1.2,9.5
1001099999,2025-05-04T17:00:00,70.9333333,-8.6666667,-1.2,8.9
1001099999,2025-05-04T18:00:00,70.9333333,-8.6666667,-0.4,12.1
1001099999,2025-05-04T20:00:00,70.9333333,-8.6666667,0.1,14.0
1001099999,2025-05-04T21:00:00,70.9333333,-8.6666667,0.1,12.3
1001099999,2025-05-04T22:00:00,70.9333333,-8.6666667,0.0,8.9
1001099999,2025-05-05T00:00:00,70.9333333,-8.6666667,-0.5,12.1
1001099999,2025-05-05T01:00:00,70.9333333,-8.6666667,-0.7,9.6
1001099999,2025-05-05T03:00:00,70.9333333,-8.6666667,-0.9,5.5
1001099999,2025-05-05T05:00:00,70.9333333,-8.6666667,-1.0,3.8
1001099999,2025-05-05T06:00:00,70.9333333,-8.6666667,-1.0,3.0
1001099999,2025-05-05T07:00:00,70.9333333,-8.6666667,-1.0,1.6
1001099999,2025-05-05T08:00:00,70.9333333,-8.6666667,-0.9,0.8
1001099999,2025-05-05T09:00:00,70.9333333,-8.6666667,-0.7,2.0
1001099999,2025-05-05T10:00:00,70.9333333,-8.6666667,-0.5,1.7
1001099999,2025-05-05T11:00:00,70.9333333,-8.6666667,-0.4,2.9
1001099999,2025-05-05T12:00:00,70.9333333,-8.6666667,-0.5,4.0
1001099999,2025-05-05T15:00:00,70.9333333,-8.6666667,0.3,5.0
1001099999,2025-05-05T16:00:00,70.9333333,-8.6666667,0.7,6.0
1001099999,2025-05-05T18:00:00,70.9333333,-8.6666667,0.7,6.8
1001099999,2025-05-05T19:00:00,70.9333333,-8.6666667,1.0,7.4
1001099999,2025-05-05T20:00:00,70.9333333,-8.6666667,1.0,8.7
1001099999,2025-05-05T21:00:00,70.9333333,-8.6666667,1.0,8.3
1001099999,2025-05-05T23:00:00,70.9333333,-8.6666667,1.1,7.1
1001099999,2025-05-06T00:00:00,70.9333333,-8.6666667,1.2,5.3
1001099999,2025-05-06T01:00:00,70.9333333,-8.6666667,1.2,6.1
1001099999,2025-05-06T03:00:00,70.9333333,-8.6666667,1.5,7.1
1001099999,2025-05-06T04:00:00,70.9333333,-8.6666667,1.5,5.8
1001099999,2025-05-06T06:00:00,70.9333333,-8.6666667,1.3,7.0
1001099999,2025-05-06T07:00:00,70.9333333,-8.6666667,1.2,4.5
1001099999,2025-05-06T08:00:00,70.9333333,-8.6666667,1.6,5.1
1001099999,2025-05-06T09:00:00,70.9333333,-8.6666667,1.7,4.0
1001099999,2025-05-06T12:00:00,70.9333333,-8.6666667,2.4,2.0
1001099999,2025-05-06T15:00:00,70.9333333,-8.6666667,2.6,3.0
1001099999,2025-05-06T18:00:00,70.9333333,-8.6666667,2.5,2.5
1001099999,2025-05-06T19:00:00,70.9333333,-8.6666667,2.0,1.9
1001099999,2025-05-06T20:00:00,70.9333333,-8.6666667,2.0,1.8
1001099999,2025-05-06T21:00:00,70.9333333,-8.6666667,1.7,1.8
1001099999,2025-05-07T00:00:00,70.9333333,-8.6666667,1.7,2.0
1001099999,2025-05-07T01:00:00,70.9333333,-8.6666667,1.7,1.8
1001099999,2025-05-07T02:00:00,70.9333333,-8.6666667,2.0,1.3
1001099999,2025-05-07T03:00:00,70.9333333,-8.6666667,2.0,2.4
1001099999,2025-05-07T06:00:00,70.9333333,-8.6666667,1.7,5.0
1001099999,2025-05-07T07:00:00,70.9333333,-8.6666667,1.6,4.4
1001099999,2025-05-07T08:00:00,70.9333333,-8.6666667,2.0,4.6
1001099999,2025-05-07T09:00:00,70.9333333,-8.6666667,2.1,4.0
1001099999,2025-05-07T11:00:00,70.9333333,-8.6666667,3.0,3.6
1001099999,2025-05-07T12:00:00,70.9333333,-8.6666667,2.7,3.1
1001099999,2025-05-07T13:00:00,70.9333333,-8.6666667,3.2,5.5
1001099999,2025-05-07T15:00:00,70.9333333,-8.6666667,3.2,5.3
1001099999,2025-05-07T17:00:00,70.9333333,-8.6666667,2.6,3.5
1001099999,2025-05-07T18:00:00,70.9333333,-8.6666667,2.5,3.0
1001099999,2025-05-07T19:00:00,70.9333333,-8.6666667,2.5,2.8
1001099999,2025-05-07T21:00:00,70.9333333,-8.6666667,2.5,0.7
1001099999,2025-05-07T22:00:00,70.9333333,-8.6666667,2.0,0.9
1001099999,2025-05-08T00:00:00,70.9333333,-8.6666667,2.0,1.3
1001099999,2025-05-08T01:00:00,70.9333333,-8.6666667,1.5,1.4
1001099999,2025-05-08T02:00:00,70.9333333,-8.6666667,1.2,1.6
1001099999,2025-05-08T03:00:00,70.9333333,-8.6666667,1.5,0.7
1001099999,2025-05-08T05:00:00,70.9333333,-8.6666667,1.7,1.7
1001099999,2025-05-08T06:00:00,70.9333333,-8.6666667,2.4,1.0
1001099999,2025-05-08T07:00:00,70.9333333,-8.6666667,3.2,3.2
1001099999,2025-05-08T09:00:00,70.9333333,-8.6666667,1.8,6.0
1001099999,2025-05-08T10:00:00,70.9333333,-8.6666667,1.6,4.0
1001099999,2025-05-08T12:00:00,70.9333333,-8.6666667,2.2,4.3
1001099999,2025-05-08T13:00:00,70.9333333,-8.6666667,2.2,5.7
1001099999,2025-05-08T15:00:00,70.9333333,-8.6666667,2.4,8.0
1001099999,2025-05-08T17:00:00,70.9333333,-8.6666667,4.0,7.3
1001099999,2025-05-08T18:00:00,70.9333333,-8.6666667,3.0,6.3
1001099999,2025-05-08T19:00:00,70.9333333,-8.6666667,2.2,7.0
1001099999,2025-05-08T21:00:00,70.9333333,-8.6666667,2.0,7.4
1001099999,2025-05-08T22:00:00,70.9333333,-8.6666667,2.0,5.7
1001099999,2025-05-08T23:00:00,70.9333333,-8.6666667,2.0,5.2
1001099999,2025-05-09T00:00:00,70.9333333,-8.6666667,2.0,4.4
1001099999,2025-05-09T01:00:00,70.9333333,-8.6666667,2.0,2.6
1001099999,2025-05-09T02:00:00,70.9333333,-8.6666667,2.1,4.0
1001099999,2025-05-09T03:00:00,70.9333333,-8.6666667,2.2,4.6
1001099999,2025-05-09T04:00:00,70.9333333,-8.6666667,2.2,4.6
1001099999,2025-05-09T05:00:00,70.9333333,-8.6666667,2.2,6.1
1001099999,2025-05-09T06:00:00,70.9333333,-8.6666667,2.2,6.8
1001099999,2025-05-09T07:00:00,70.9333333,-8.6666667,2.1,6.4
1001099999,2025-05-09T08:00:00,70.9333333,-8.6666667,2.2,6.9
1001099999,2025-05-09T09:00:00,70.9333333,-8.6666667,2.2,6.2
1001099999,2025-05-09T11:00:00,70.9333333,-8.6666667,2.7,6.1
1001099999,2025-05-09T12:00:00,70.9333333,-8.6666667,2.6,5.0
1001099999,2025-05-09T13:00:00,70.9333333,-8.6666667,3.1,7.5
1001099999,2025-05-09T15:00:00,70.9333333,-8.6666667,2.7,8.0
1001099999,2025-05-09T16:00:00,70.9333333,-8.6666667,3.0,6.3
1001099999,2025-05-09T18:00:00,70.9333333,-8.6666667,2.5,3.3
1001099999,2025-05-09T20:00:00,70.9333333,-8.6666667,2.2,3.6
1001099999,2025-05-09T21:00:00,70.9333333,-8.6666667,2.0,1.9
1001099999,2025-05-09T22:00:00,70.9333333,-8.6666667,2.0,4.2
1001099999,2025-05-09T23:00:00,70.9333333,-8.6666667,2.2,4.9
1001099999,2025-05-10T00:00:00,70.9333333,-8.6666667,2.5,3.7
1001099999,2025-05-10T01:00:00,70.9333333,-8.6666667,2.7,6.7
1001099999,2025-05-10T02:00:00,70.9333333,-8.6666667,3.0,7.9
1001099999,2025-05-10T03:00:00,70.9333333,-8.6666667,3.0,8.7
1001099999,2025-05-10T04:00:00,70.9333333,-8.6666667,3.0,9.7
1001099999,2025-05-10T05:00:00,70.9333333,-8.6666667,2.7,8.9
1001099999,2025-05-10T06:00:00,70.9333333,-8.6666667,2.7,9.4
1001099999,2025-05-10T08:00:00,70.9333333,-8.6666667,2.2,7.7
1001099999,2025-05-10T09:00:00,70.9333333,-8.6666667,2.4,5.0
1001099999,2025-05-10T10:00:00,70.9333333,-8.6666667,3.2,6.8
1001099999,2025-05-10T11:00:00,70.9333333,-8.6666667,2.7,6.8
1001099999,2025-05-10T12:00:00,70.9333333,-8.6666667,3.0,7.6
1001099999,2025-05-10T14:00:00,70.9333333,-8.6666667,3.0,5.3
1001099999,2025-05-10T15:00:00,70.9333333,-8.6666667,3.0,5.0
1001099999,2025-05-10T16:00:00,70.9333333,-8.6666667,3.0,5.2
1001099999,2025-05-10T17:00:00,70.9333333,-8.6666667,2.7,4.6
1001099999,2025-05-10T18:00:00,70.9333333,-8.6666667,2.7,5.6
1001099999,2025-05-10T19:00:00,70.9333333,-8.6666667,2.7,4.9
1001099999,2025-05-10T21:00:00,70.9333333,-8.6666667,2.0,7.6
1001099999,2025-05-10T22:00:00,70.9333333,-8.6666667,1.7,7.6
1001099999,2025-05-10T23:00:00,70.9333333,-8.6666667,1.7,4.6
1001099999,2025-05-11T00:00:00,70.9333333,-8.6666667,0.2,8.9
1001099999,2025-05-11T01:00:00,70.9333333,-8.6666667,-0.2,4.8
1001099999,2025-05-11T02:00:00,70.9333333,-8.6666667,-0.5,4.8
1001099999,2025-05-11T03:00:00,70.9333333,-8.6666667,-0.5,2.8
1001099999,2025-05-11T04:00:00,70.9333333,-8.6666667,-0.5,2.2
1001099999,2025-05-11T06:00:00,70.9333333,-8.6666667,-0.2,3.3
1001099999,2025-05-11T07:00:00,70.9333333,-8.6666667,-0.5,6.4
1001099999,2025-05-11T08:00:00,70.9333333,-8.6666667,-0.5,8.0
1001099999,2025-05-11T09:00:00,70.9333333,-8.6666667,-0.7,8.0
1001099999,2025-05-11T11:00:00,70.9333333,-8.6666667,0.0,6.1
1001099999,2025-05-11T12:00:00,70.9333333,-8.6666667,0.5,6.0
1001099999,2025-05-11T14:00:00,70.9333333,-8.6666667,2.0,8.3
1001099999,2025-05-11T15:00:00,70.9333333,-8.6666667,2.2,8.0
1001099999,2025-05-11T16:00:00,70.9333333,-8.6666667,2.5,9.3
1001099999,2025-05-11T17:00:00,70.9333333,-8.6666667,2.0,7.0
1001099999,2025-05-11T18:00:00,70.9333333,-8.6666667,1.6,7.0
1001099999,2025-05-11T19:00:00,70.9333333,-8.6666667,1.5,9.0
1001099999,2025-05-11T21:00:00,70.9333333,-8.6666667,2.2,8.2
1001099999,2025-05-11T22:00:00,70.9333333,-8.6666667,2.5,8.5
1001099999,2025-05-11T23:00:00,70.9333333,-8.6666667,1.7,9.4
1001099999,2025-05-12T00:00:00,70.9333333,-8.6666667,1.7,11.3
1001099999,2025-05-12T01:00:00,70.9333333,-8.6666667,1.7,10.7
1001099999,2025-05-12T03:00:00,70.9333333,-8.6666667,1.5,7.4
1001099999,2025-05-12T04:00:00,70.9333333,-8.6666667,1.7,8.2
1001099999,2025-05-12T05:00:00,70.9333333,-8.6666667,1.7,7.3
1001099999,2025-05-12T06:00:00,70.9333333,-8.6666667,2.0,8.0
1001099999,2025-05-12T07:00:00,70.9333333,-8.6666667,2.0,7.7
1001099999,2025-05-12T08:00:00,70.9333333,-8.6666667,2.2,7.0
1001099999,2025-05-12T09:00:00,70.9333333,-8.6666667,2.8,9.0
1001099999,2025-05-12T11:00:00,70.9333333,-8.6666667,3.2,9.2
1001099999,2025-05-12T12:00:00,70.9333333,-8.6666667,2.4,8.0
1001099999,2025-05-12T14:00:00,70.9333333,-8.6666667,2.5,7.7
1001099999,2025-05-12T15:00:00,70.9333333,-8.6666667,2.5,7.9
1001099999,2025-05-12T17:00:00,70.9333333,-8.6666667,3.1,6.0
1001099999,2025-05-12T18:00:00,70.9333333,-8.6666667,2.0,4.7
1001099999,2025-05-12T20:00:00,70.9333333,-8.6666667,-0.7,13.7
1001099999,2025-05-12T21:00:00,70.9333333,-8.6666667,-1.4,9.6
1001099999,2025-05-12T23:00:00,70.9333333,-8.6666667,-2.0,7.1
1001099999,2025-05-13T00:00:00,70.9333333,-8.6666667,-2.2,8.4
1001099999,2025-05-13T01:00:00,70.9333333,-8.6666667,-2.0,8.0
1001099999,2025-05-13T02:00:00,70.9333333,-8.6666667,-1.9,11.6
1001099999,2025-05-13T03:00:00,70.9333333,-8.6666667,-1.4,9.4
1001099999,2025-05-13T04:00:00,70.9333333,-8.6666667,-1.0,6.9
1001099999,2025-05-13T05:00:00,70.9333333,-8.6666667,-0.9,4.9
1001099999,2025-05-13T06:00:00,70.9333333,-8.6666667,-0.7,4.2
1001099999,2025-05-13T07:00:00,70.9333333,-8.6666667,-0.4,5.8
1001099999,2025-05-13T08:00:00,70.9333333,-8.6666667,0.0,6.0
1001099999,2025-05-13T09:00:00,70.9333333,-8.6666667,0.5,8.4
1001099999,2025-05-13T12:00:00,70.9333333,-8.6666667,1.7,7.3
1001099999,2025-05-13T13:00:00,70.9333333,-8.6666667,1.6,6.1
1001099999,2025-05-13T14:00:00,70.9333333,-8.6666667,1.7,5.8
1001099999,2025-05-13T15:00:00,70.9333333,-8.6666667,1.8,6.0
1001099999,2025-05-13T16:00:00,70.9333333,-8.6666667,2.2,3.4
1001099999,2025-05-13T17:00:00,70.9333333,-8.6666667,2.1,4.8
1001099999,2025-05-13T18:00:00,70.9333333,-8.6666667,2.5,4.5
1001099999,2025-05-13T19:00:00,70.9333333,-8.6666667,2.0,5.1
1001099999,2025-05-13T20:00:00,70.9333333,-8.6666667,1.6,3.9
1001099999,2025-05-13T21:00:00,70.9333333,-8.6666667,1.5,4.2
1001099999,2025-05-13T23:00:00,70.9333333,-8.6666667,1.5,4.6
1001099999,2025-05-14T00:00:00,70.9333333,-8.6666667,1.5,3.8
1001099999,2025-05-14T02:00:00,70.9333333,-8.6666667,2.0,5.1
1001099999,2025-05-14T03:00:00,70.9333333,-8.6666667,3.5,5.3
1001099999,2025-05-14T04:00:00,70.9333333,-8.6666667,5.0,7.7
1001099999,2025-05-14T05:00:00,70.9333333,-8.6666667,3.7,8.8
1001099999,2025-05-14T06:00:00,70.9333333,-8.6666667,3.5,14.0
1001099999,2025-05-14T09:00:00,70.9333333,-8.6666667,3.2,13.0
1001099999,2025-05-14T12:00:00,70.9333333,-8.6666667,3.8,14.0
1001099999,2025-05-14T15:00:00,70.9333333,-8.6666667,3.1,8.0
1001099999,2025-05-14T18:00:00,70.9333333,-8.6666667,1.7,7.2
1001099999,2025-05-14T21:00:00,70.9333333,-8.6666667,1.2,1.9
1001099999,2025-05-15T00:00:00,70.9333333,-8.6666667,0.7,1.4
1001099999,2025-05-15T03:00:00,70.9333333,-8.6666667,1.2,2.9
1001099999,2025-05-15T06:00:00,70.9333333,-8.6666667,2.5,6.0
1001099999,2025-05-15T09:00:00,70.9333333,-8.6666667,2.0,16.0
1001099999,2025-05-15T12:00:00,70.9333333,-8.6666667,2.8,16.0
1001099999,2025-05-15T15:00:00,70.9333333,-8.6666667,2.9,18.0
1001099999,2025-05-15T18:00:00,70.9333333,-8.6666667,2.1,11.7
1001099999,2025-05-15T19:00:00,70.9333333,-8.6666667,4.2,4.9
1001099999,2025-05-15T20:00:00,70.9333333,-8.6666667,2.2,3.6
1001099999,2025-05-15T21:00:00,70.9333333,-8.6666667,1.7,1.8
1001099999,2025-05-15T23:00:00,70.9333333,-8.6666667,0.7,2.4
1001099999,2025-05-16T00:00:00,70.9333333,-8.6666667,0.0,0.8
1001099999,2025-05-16T01:00:00,70.9333333,-8.6666667,-0.2,1.5
1001099999,2025-05-16T03:00:00,70.9333333,-8.6666667,0.0,1.5
1001099999,2025-05-16T04:00:00,70.9333333,-8.6666667,-0.2,0.7
1001099999,2025-05-16T05:00:00,70.9333333,-8.6666667,2.2,4.7
1001099999,2025-05-16T06:00:00,70.9333333,-8.6666667,1.9,3.0
1001099999,2025-05-16T07:00:00,70.9333333,-8.6666667,6.6,9.2
1001099999,2025-05-16T09:00:00,70.9333333,-8.6666667,4.5,3.0
1001099999,2025-05-16T10:00:00,70.9333333,-8.6666667,4.1,2.2
1001099999,2025-05-16T12:00:00,70.9333333,-8.6666667,5.2,8.0
1001099999,2025-05-16T14:00:00,70.9333333,-8.6666667,3.1,3.9
1001099999,2025-05-16T15:00:00,70.9333333,-8.6666667,3.5,6.0
1001099999,2025-05-16T16:00:00,70.9333333,-8.6666667,5.6,13.4
1001099999,2025-05-16T18:00:00,70.9333333,-8.6666667,4.1,20.1
1001099999,2025-05-16T21:00:00,70.9333333,-8.6666667,2.0,14.9
1001099999,2025-05-16T22:00:00,70.9333333,-8.6666667,2.5,11.1
1001099999,2025-05-16T23:00:00,70.9333333,-8.6666667,5.5,11.8
1001099999,2025-05-17T00:00:00,70.9333333,-8.6666667,5.1,10.7
1001099999,2025-05-17T01:00:00,70.9333333,-8.6666667,6.0,13.1
1001099999,2025-05-17T02:00:00,70.9333333,-8.6666667,6.5,11.4
1001099999,2025-05-17T03:00:00,70.9333333,-8.6666667,6.6,6.9
1001099999,2025-05-17T05:00:00,70.9333333,-8.6666667,3.1,2.4
1001099999,2025-05-17T06:00:00,70.9333333,-8.6666667,3.0,4.0
1001099999,2025-05-17T07:00:00,70.9333333,-8.6666667,2.5,4.1
1001099999,2025-05-17T09:00:00,70.9333333,-8.6666667,1.4,2.0
1001099999,2025-05-17T11:00:00,70.9333333,-8.6666667,1.2,1.9
1001099999,2025-05-17T12:00:00,70.9333333,-8.6666667,0.9,2.0
1001099999,2025-05-17T13:00:00,70.9333333,-8.6666667,2.2,1.8
1001099999,2025-05-17T15:00:00,70.9333333,-8.6666667,4.0,3.0
1001099999,2025-05-17T16:00:00,70.9333333,-8.6666667,4.2,3.5
1001099999,2025-05-17T17:00:00,70.9333333,-8.6666667,13.0,13.6
1001099999,2025-05-17T18:00:00,70.9333333,-8.6666667,13.0,15.3
1001099999,2025-05-17T19:00:00,70.9333333,-8.6666667,12.7,14.3
1001099999,2025-05-17T20:00:00,70.9333333,-8.6666667,13.0,12.5
1001099999,2025-05-17T21:00:00,70.9333333,-8.6666667,12.2,12.7
1001099999,2025-05-17T23:00:00,70.9333333,-8.6666667,12.5,11.2
1001099999,2025-05-18T00:00:00,70.9333333,-8.6666667,11.6,14.4
1001099999,2025-05-18T01:00:00,70.9333333,-8.6666667,10.0,14.9
1001099999,2025-05-18T02:00:00,70.9333333,-8.6666667,9.2,14.9
1001099999,2025-05-18T03:00:00,70.9333333,-8.6666667,8.5,17.4
1001099999,2025-05-18T04:00:00,70.9333333,-8.6666667,7.7,16.0
1001099999,2025-05-18T06:00:00,70.9333333,-8.6666667,6.2,4.0
1001099999,2025-05-18T08:00:00,70.9333333,-8.6666667,5.5,2.5
1001099999,2025-05-18T09:00:00,70.9333333,-8.6666667,4.8,3.0
1001099999,2025-05-18T10:00:00,70.9333333,-8.6666667,6.0,2.8
1001099999,2025-05-18T11:00:00,70.9333333,-8.6666667,5.2,1.9
1001099999,2025-05-18T12:00:00,70.9333333,-8.6666667,6.0,3.0
1001099999,2025-05-18T13:00:00,70.9333333,-8.6666667,5.0,3.6
1001099999,2025-05-18T14:00:00,70.9333333,-8.6666667,5.2,2.3
1001099999,2025-05-18T15:00:00,70.9333333,-8.6666667,5.1,3.0
1001099999,2025-05-18T18:00:00,70.9333333,-8.6666667,5.2,3.1
1001099999,2025-05-18T19:00:00,70.9333333,-8.6666667,11.5,5.3
1001099999,2025-05-18T20:00:00,70.9333333,-8.6666667,4.7,1.4
1001099999,2025-05-18T21:00:00,70.9333333,-8.6666667,4.0,3.3
1001099999,2025-05-18T22:00:00,70.9333333,-8.6666667,3.0,3.3
1001099999,2025-05-19T00:00:00,70.9333333,-8.6666667,2.6,0.6
1001099999,2025-05-19T01:00:00,70.9333333,-8.6666667,2.7,4.2
1001099999,2025-05-19T02:00:00,70.9333333,-8.6666667,2.7,2.3
1001099999,2025-05-19T03:00:00,70.9333333,-8.6666667,4.7,1.0
1001099999,2025-05-19T05:00:00,70.9333333,-8.6666667,10.5,10.1
1001099999,2025-05-19T06:00:00,70.9333333,-8.6666667,10.1,9.0
1001099999,2025-05-19T07:00:00,70.9333333,-8.6666667,11.2,11.6
1001099999,2025-05-19T09:00:00,70.9333333,-8.6666667,10.3,13.0
1001099999,2025-05-19T11:00:00,70.9333333,-8.6666667,12.1,10.6
1001099999,2025-05-19T12:00:00,70.9333333,-8.6666667,12.0,11.0
1001099999,2025-05-19T13:00:00,70.9333333,-8.6666667,11.0,11.0
1001099999,2025-05-19T15:00:00,70.9333333,-8.6666667,8.7,11.6
1001099999,2025-05-19T18:00:00,70.9333333,-8.6666667,7.0,11.5
1001099999,2025-05-19T19:00:00,70.9333333,-8.6666667,6.1,11.6
1001099999,2025-05-19T20:00:00,70.9333333,-8.6666667,4.0,6.8
1001099999,2025-05-19T21:00:00,70.9333333,-8.6666667,3.0,1.3
1001099999,2025-05-19T22:00:00,70.9333333,-8.6666667,1.7,1.2
1001099999,2025-05-19T23:00:00,70.9333333,-8.6666667,0.6,1.4
1001099999,2025-05-20T00:00:00,70.9333333,-8.6666667,0.1,2.7
1001099999,2025-05-20T03:00:00,70.9333333,-8.6666667,-0.7,3.3
1001099999,2025-05-20T04:00:00,70.9333333,-8.6666667,-0.7,1.8
1001099999,2025-05-20T06:00:00,70.9333333,-8.6666667,-0.9,2.0
1001099999,2025-05-20T07:00:00,70.9333333,-8.6666667,-0.7,1.5
1001099999,2025-05-20T08:00:00,70.9333333,-8.6666667,-0.7,2.4
1001099999,2025-05-20T09:00:00,70.9333333,-8.6666667,-0.5,2.0
1001099999,2025-05-20T10:00:00,70.9333333,-8.6666667,0.2,2.8
1001099999,2025-05-20T12:00:00,70.9333333,-8.6666667,0.1,3.0
1001099999,2025-05-20T14:00:00,70.9333333,-8.6666667,1.2,2.4
1001099999,2025-05-20T15:00:00,70.9333333,-8.6666667,1.2,5.0
1001099999,2025-05-20T16:00:00,70.9333333,-8.6666667,1.0,6.4
1001099999,2025-05-20T17:00:00,70.9333333,-8.6666667,1.0,5.3
1001099999,2025-05-20T18:00:00,70.9333333,-8.6666667,1.1,3.4
1001099999,2025-05-20T19:00:00,70.9333333,-8.6666667,0.6,2.4
1001099999,2025-05-20T21:00:00,70.9333333,-8.6666667,0.1,3.3
1001099999,2025-05-20T22:00:00,70.9333333,-8.6666667,-0.2,3.6
1001099999,2025-05-20T23:00:00,70.9333333,-8.6666667,-0.2,3.9
1001099999,2025-05-21T00:00:00,70.9333333,-8.6666667,-0.5,3.0
1001099999,2025-05-21T02:00:00,70.9333333,-8.6666667,-0.7,4.3
1001099999,2025-05-21T03:00:00,70.9333333,-8.6666667,-0.9,4.4
1001099999,2025-05-21T04:00:00,70.9333333,-8.6666667,-0.5,4.0
1001099999,2025-05-21T05:00:00,70.9333333,-8.6666667,-0.4,4.1
1001099999,2025-05-21T06:00:00,70.9333333,-8.6666667,-0.1,4.0
1001099999,2025-05-21T07:00:00,70.9333333,-8.6666667,0.0,5.9
1001099999,2025-05-21T08:00:00,70.9333333,-8.6666667,0.7,5.4
1001099999,2025-05-21T09:00:00,70.9333333,-8.6666667,1.3,7.0
1001099999,2025-05-21T11:00:00,70.9333333,-8.6666667,2.0,7.1
1001099999,2025-05-21T12:00:00,70.9333333,-8.6666667,2.1,8.0
1001099999,2025-05-21T15:00:00,70.9333333,-8.6666667,2.3,8.0
1001099999,2025-05-21T17:00:00,70.9333333,-8.6666667,2.2,8.7
1001099999,2025-05-21T18:00:00,70.9333333,-8.6666667,2.2,8.7
1001099999,2025-05-21T19:00:00,70.9333333,-8.6666667,2.5,10.3
1001099999,2025-05-21T20:00:00,70.9333333,-8.6666667,2.5,9.1
1001099999,2025-05-21T21:00:00,70.9333333,-8.6666667,2.5,10.4
1001099999,2025-05-22T00:00:00,70.9333333,-8.6666667,2.2,9.0
1001099999,2025-05-22T03:00:00,70.9333333,-8.6666667,2.5,7.7
1001099999,2025-05-22T04:00:00,70.9333333,-8.6666667,2.5,7.8
1001099999,2025-05-22T06:00:00,70.9333333,-8.6666667,2.2,3.0
1001099999,2025-05-22T09:00:00,70.9333333,-8.6666667,1.1,5.0
1001099999,2025-05-22T11:00:00,70.9333333,-8.6666667,1.6,6.2
1001099999,2025-05-22T12:00:00,70.9333333,-8.6666667,1.4,9.0
1001099999,2025-05-22T13:00:00,70.9333333,-8.6666667,1.5,10.5
1001099999,2025-05-22T15:00:00,70.9333333,-8.6666667,2.2,3.0
1001099999,2025-05-22T16:00:00,70.9333333,-8.6666667,2.2,2.6
1001099999,2025-05-22T17:00:00,70.9333333,-8.6666667,2.2,3.0
1001099999,2025-05-22T18:00:00,70.9333333,-8.6666667,2.0,1.9
1001099999,2025-05-22T20:00:00,70.9333333,-8.6666667,0.7,2.0
1001099999,2025-05-22T21:00:00,70.9333333,-8.6666667,0.7,2.6
1001099999,2025-05-22T22:00:00,70.9333333,-8.6666667,0.5,1.1
1001099999,2025-05-22T23:00:00,70.9333333,-8.6666667,0.5,0.9
1001099999,2025-05-23T00:00:00,70.9333333,-8.6666667,0.0,2.3
1001099999,2025-05-23T03:00:00,70.9333333,-8.6666667,0.0,3.4
1001099999,2025-05-23T04:00:00,70.9333333,-8.6666667,0.0,3.3
1001099999,2025-05-23T06:00:00,70.9333333,-8.6666667,0.0,4.0
1001099999,2025-05-23T07:00:00,70.9333333,-8.6666667,0.5,3.9
1001099999,2025-05-23T08:00:00,70.9333333,-8.6666667,0.6,3.9
1001099999,2025-05-23T09:00:00,70.9333333,-8.6666667,0.9,4.0
1001099999,2025-05-23T10:00:00,70.9333333,-8.6666667,1.5,5.6
1001099999,2025-05-23T11:00:00,70.9333333,-8.6666667,2.0,3.8
1001099999,2025-05-23T12:00:00,70.9333333,-8.6666667,2.2,3.0
1001099999,2025-05-23T13:00:00,70.9333333,-8.6666667,2.7,3.4
1001099999,2025-05-23T15:00:00,70.9333333,-8.6666667,3.2,5.0
1001099999,2025-05-23T16:00:00,70.9333333,-8.6666667,3.5,2.8
1001099999,2025-05-23T17:00:00,70.9333333,-8.6666667,3.7,3.8
1001099999,2025-05-23T18:00:00,70.9333333,-8.6666667,4.0,3.5
1001099999,2025-05-23T19:00:00,70.9333333,-8.6666667,4.0,4.6
1001099999,2025-05-23T21:00:00,70.9333333,-8.6666667,4.1,4.6
1001099999,2025-05-23T22:00:00,70.9333333,-8.6666667,4.2,5.5
1001099999,2025-05-23T23:00:00,70.9333333,-8.6666667,4.0,5.1
1001099999,2025-05-24T00:00:00,70.9333333,-8.6666667,3.6,5.6
1001099999,2025-05-24T01:00:00,70.9333333,-8.6666667,3.1,4.5
1001099999,2025-05-24T02:00:00,70.9333333,-8.6666667,3.0,3.9
1001099999,2025-05-24T03:00:00,70.9333333,-8.6666667,3.1,7.0
1001099999,2025-05-24T05:00:00,70.9333333,-8.6666667,3.0,6.4
1001099999,2025-05-24T06:00:00,70.9333333,-8.6666667,2.7,3.2
1001099999,2025-05-24T07:00:00,70.9333333,-8.6666667,3.0,6.7
1001099999,2025-05-24T08:00:00,70.9333333,-8.6666667,3.1,5.3
1001099999,2025-05-24T09:00:00,70.9333333,-8.6666667,3.3,4.0
1001099999,2025-05-24T10:00:00,70.9333333,-8.6666667,3.6,5.1
1001099999,2025-05-24T11:00:00,70.9333333,-8.6666667,3.5,3.2
1001099999,2025-05-24T12:00:00,70.9333333,-8.6666667,3.6,3.0
1001099999,2025-05-24T14:00:00,70.9333333,-8.6666667,3.2,4.6
1001099999,2025-05-24T15:00:00,70.9333333,-8.6666667,2.9,3.0
1001099999,2025-05-24T16:00:00,70.9333333,-8.6666667,3.2,2.5
1001099999,2025-05-24T17:00:00,70.9333333,-8.6666667,3.5,2.2
1001099999,2025-05-24T18:00:00,70.9333333,-8.6666667,3.5,1.7
1001099999,2025-05-24T19:00:00,70.9333333,-8.6666667,3.5,2.1
1001099999,2025-05-24T20:00:00,70.9333333,-8.6666667,3.5,4.0
1001099999,2025-05-24T21:00:00,70.9333333,-8.6666667,3.5,2.5
1001099999,2025-05-24T22:00:00,70.9333333,-8.6666667,3.5,4.1
1001099999,2025-05-24T23:00:00,70.9333333,-8.6666667,3.5,2.1
1001099999,2025-05-25T00:00:00,70.9333333,-8.6666667,3.5,3.3
1001099999,2025-05-25T01:00:00,70.9333333,-8.6666667,3.5,3.9
1001099999,2025-05-25T02:00:00,70.9333333,-8.6666667,3.7,1.3
1001099999,2025-05-25T03:00:00,70.9333333,-8.6666667,3.2,4.4
1001099999,2025-05-25T04:00:00,70.9333333,-8.6666667,3.7,2.1
1001099999,2025-05-25T05:00:00,70.9333333,-8.6666667,3.2,3.1
1001099999,2025-05-25T06:00:00,70.9333333,-8.6666667,3.2,3.0
1001099999,2025-05-25T07:00:00,70.9333333,-8.6666667,2.7,4.4
1001099999,2025-05-25T08:00:00,70.9333333,-8.6666667,3.2,6.3
1001099999,2025-05-25T09:00:00,70.9333333,-8.6666667,2.8,10.0
1001099999,2025-05-25T10:00:00,70.9333333,-8.6666667,2.7,9.6
1001099999,2025-05-25T11:00:00,70.9333333,-8.6666667,3.6,9.0
1001099999,2025-05-25T12:00:00,70.9333333,-8.6666667,3.4,9.0
1001099999,2025-05-25T15:00:00,70.9333333,-8.6666667,6.1,3.0
1001099999,2025-05-25T17:00:00,70.9333333,-8.6666667,4.5,0.4
1001099999,2025-05-25T18:00:00,70.9333333,-8.6666667,5.0,0.5
1001099999,2025-05-25T21:00:00,70.9333333,-8.6666667,4.7,1.1
1001099999,2025-05-25T22:00:00,70.9333333,-8.6666667,4.5,2.2
1001099999,2025-05-26T00:00:00,70.9333333,-8.6666667,4.2,2.8
1001099999,2025-05-26T01:00:00,70.9333333,-8.6666667,2.6,6.7
1001099999,2025-05-26T03:00:00,70.9333333,-8.6666667,1.1,6.8
1001099999,2025-05-26T06:00:00,70.9333333,-8.6666667,1.5,9.0
1001099999,2025-05-26T09:00:00,70.9333333,-8.6666667,1.5,5.0
1001099999,2025-05-26T12:00:00,70.9333333,-8.6666667,2.6,5.0
1001099999,2025-05-26T15:00:00,70.9333333,-8.6666667,2.6,6.0
1001099999,2025-05-26T18:00:00,70.9333333,-8.6666667,2.1,4.7
1001099999,2025-05-26T21:00:00,70.9333333,-8.6666667,0.5,7.7
1001099999,2025-05-27T00:00:00,70.9333333,-8.6666667,0.0,8.1
1001099999,2025-05-27T03:00:00,70.9333333,-8.6666667,0.0,2.7
1001099999,2025-05-27T06:00:00,70.9333333,-8.6666667,-1.0,6.0
1001099999,2025-05-27T09:00:00,70.9333333,-8.6666667,-0.7,6.0
1001099999,2025-05-27T12:00:00,70.9333333,-8.6666667,0.8,6.0
1001099999,2025-05-27T15:00:00,70.9333333,-8.6666667,1.1,5.0
1001099999,2025-05-27T18:00:00,70.9333333,-8.6666667,1.0,4.9
1001099999,2025-05-27T21:00:00,70.9333333,-8.6666667,0.5,3.6
1001099999,2025-05-28T00:00:00,70.9333333,-8.6666667,0.5,4.5
1001099999,2025-05-28T03:00:00,70.9333333,-8.6666667,0.2,5.1
1001099999,2025-05-28T06:00:00,70.9333333,-8.6666667,0.6,5.0
1001099999,2025-05-28T09:00:00,70.9333333,-8.6666667,1.3,7.0
1001099999,2025-05-28T12:00:00,70.9333333,-8.6666667,1.5,10.0
1001099999,2025-05-28T15:00:00,70.9333333,-8.6666667,1.6,8.0
1001099999,2025-05-28T18:00:00,70.9333333,-8.6666667,1.6,5.4
1001099999,2025-05-28T21:00:00,70.9333333,-8.6666667,0.5,3.0
1001099999,2025-05-29T00:00:00,70.9333333,-8.6666667,0.2,2.4
1001099999,2025-05-29T03:00:00,70.9333333,-8.6666667,0.0,0.6
1001099999,2025-05-29T06:00:00,70.9333333,-8.6666667,0.8,6.0
1001099999,2025-05-29T09:00:00,70.9333333,-8.6666667,2.0,2.0
1001099999,2025-05-29T12:00:00,70.9333333,-8.6666667,1.5,5.0
1001099999,2025-05-29T15:00:00,70.9333333,-8.6666667,1.8,5.0
1001099999,2025-05-29T18:00:00,70.9333333,-8.6666667,1.5,5.0
1001099999,2025-05-29T21:00:00,70.9333333,-8.6666667,0.7,3.7
1001099999,2025-05-30T00:00:00,70.9333333,-8.6666667,-0.4,5.2
1001099999,2025-05-30T03:00:00,70.9333333,-8.6666667,-1.0,2.1
1001099999,2025-05-30T06:00:00,70.9333333,-8.6666667,0.2,3.0
1001099999,2025-05-30T09:00:00,70.9333333,-8.6666667,1.9,1.0
1001099999,2025-05-30T12:00:00,70.9333333,-8.6666667,2.0,2.0
1001099999,2025-05-30T15:00:00,70.9333333,-8.6666667,3.3,2.0
1001099999,2025-05-30T18:00:00,70.9333333,-8.6666667,2.7,1.2
1001099999,2025-05-30T21:00:00,70.9333333,-8.6666667,2.0,2.2
1001099999,2025-05-31T00:00:00,70.9333333,-8.6666667,1.2,2.8
1001099999,2025-05-31T03:00:00,70.9333333,-8.6666667,0.7,0.6
1001099999,2025-05-31T06:00:00,70.9333333,-8.6666667,1.0,1.0
1001099999,2025-05-31T09:00:00,70.9333333,-8.6666667,1.9,3.0
1001099999,2025-05-31T12:00:00,70.9333333,-8.6666667,2.8,3.0
1001099999,2025-05-31T15:00:00,70.9333333,-8.6666667,3.7,4.0
1001099999,2025-05-31T18:00:00,70.9333333,-8.6666667,2.6,4.2
1001099999,2025-05-31T21:00:00,70.9333333,-8.6666667,2.6,2.4
1001099999,2025-06-01T00:00:00,70.9333333,-8.6666667,2.5,0.5
1001099999,2025-06-01T03:00:00,70.9333333,-8.6666667,1.7,0.9
1001099999,2025-06-01T06:00:00,70.9333333,-8.6666667,2.6,2.0
1001099999,2025-06-01T09:00:00,70.9333333,-8.6666667,2.9,3.0
1001099999,2025-06-01T12:00:00,70.9333333,-8.6666667,2.7,2.0
1001099999,2025-06-01T15:00:00,70.9333333,-8.6666667,3.3,2.0
1001099999,2025-06-01T18:00:00,70.9333333,-8.6666667,3.2,3.4
1001099999,2025-06-01T21:00:00,70.9333333,-8.6666667,3.6,2.3
1001099999,2025-06-01T22:00:00,70.9333333,-8.6666667,3.0,2.3
1001099999,2025-06-01T23:00:00,70.9333333,-8.6666667,3.0,1.5
1001099999,2025-06-02T00:00:00,70.9333333,-8.6666667,3.0,2.1
1001099999,2025-06-02T03:00:00,70.9333333,-8.6666667,1.2,4.9
1001099999,2025-06-02T06:00:00,70.9333333,-8.6666667,2.0,6.0
1001099999,2025-06-02T09:00:00,70.9333333,-8.6666667,2.9,5.0
1001099999,2025-06-02T11:00:00,70.9333333,-8.6666667,3.5,5.4
1001099999,2025-06-02T12:00:00,70.9333333,-8.6666667,3.2,8.0
1001099999,2025-06-02T15:00:00,70.9333333,-8.6666667,1.4,10.0
1001099999,2025-06-02T18:00:00,70.9333333,-8.6666667,1.5,9.8
1001099999,2025-06-03T00:00:00,70.9333333,-8.6666667,3.2,1.8
1001099999,2025-06-03T03:00:00,70.9333333,-8.6666667,4.2,6.1
1001099999,2025-06-03T06:00:00,70.9333333,-8.6666667,4.1,4.0
1001099999,2025-06-03T09:00:00,70.9333333,-8.6666667,4.6,6.0
1001099999,2025-06-03T12:00:00,70.9333333,-8.6666667,4.9,9.0
1001099999,2025-06-03T15:00:00,70.9333333,-8.6666667,4.9,7.0
1001099999,2025-06-03T18:00:00,70.9333333,-8.6666667,3.8,7.0
1001099999,2025-06-03T21:00:00,70.9333333,-8.6666667,2.7,8.1
1001099999,2025-06-04T00:00:00,70.9333333,-8.6666667,2.5,8.0
1001099999,2025-06-04T03:00:00,70.9333333,-8.6666667,2.2,2.1
1001099999,2025-06-04T06:00:00,70.9333333,-8.6666667,1.8,9.0
1001099999,2025-06-04T09:00:00,70.9333333,-8.6666667,3.0,9.4
1001099999,2025-06-04T11:00:00,70.9333333,-8.6666667,3.6,9.2
1001099999,2025-06-04T12:00:00,70.9333333,-8.6666667,5.1,9.0
1001099999,2025-06-04T13:00:00,70.9333333,-8.6666667,6.2,4.3
1001099999,2025-06-04T14:00:00,70.9333333,-8.6666667,5.0,4.9
1001099999,2025-06-04T15:00:00,70.9333333,-8.6666667,6.0,6.8
1001099999,2025-06-04T16:00:00,70.9333333,-8.6666667,5.6,2.6
1001099999,2025-06-04T18:00:00,70.9333333,-8.6666667,5.0,3.7
1001099999,2025-06-04T19:00:00,70.9333333,-8.6666667,4.7,4.3
1001099999,2025-06-04T21:00:00,70.9333333,-8.6666667,5.2,3.9
1001099999,2025-06-04T22:00:00,70.9333333,-8.6666667,4.0,2.9
1001099999,2025-06-04T23:00:00,70.9333333,-8.6666667,4.2,4.0
1001099999,2025-06-05T00:00:00,70.9333333,-8.6666667,4.1,5.9
1001099999,2025-06-05T01:00:00,70.9333333,-8.6666667,4.7,5.4
1001099999,2025-06-05T02:00:00,70.9333333,-8.6666667,3.7,4.1
1001099999,2025-06-05T03:00:00,70.9333333,-8.6666667,3.7,2.1
1001099999,2025-06-05T04:00:00,70.9333333,-8.6666667,3.7,6.3
1001099999,2025-06-05T05:00:00,70.9333333,-8.6666667,3.5,5.4
1001099999,2025-06-05T06:00:00,70.9333333,-8.6666667,3.5,10.0
1001099999,2025-06-05T07:00:00,70.9333333,-8.6666667,3.2,11.3
1001099999,2025-06-05T08:00:00,70.9333333,-8.6666667,3.2,11.3
1001099999,2025-06-05T09:00:00,70.9333333,-8.6666667,3.6,12.0
1001099999,2025-06-05T10:00:00,70.9333333,-8.6666667,3.6,11.1
1001099999,2025-06-05T11:00:00,70.9333333,-8.6666667,4.2,11.2
1001099999,2025-06-05T12:00:00,70.9333333,-8.6666667,4.5,10.3
1001099999,2025-06-05T13:00:00,70.9333333,-8.6666667,4.7,9.6
1001099999,2025-06-05T14:00:00,70.9333333,-8.6666667,5.0,9.7
1001099999,2025-06-05T15:00:00,70.9333333,-8.6666667,4.7,9.7
1001099999,2025-06-05T17:00:00,70.9333333,-8.6666667,3.5,9.5
1001099999,2025-06-05T18:00:00,70.9333333,-8.6666667,3.1,12.4
1001099999,2025-06-05T20:00:00,70.9333333,-8.6666667,2.6,11.2
1001099999,2025-06-05T21:00:00,70.9333333,-8.6666667,2.9,14.0
1001099999,2025-06-05T23:00:00,70.9333333,-8.6666667,3.2,13.2
1001099999,2025-06-06T00:00:00,70.9333333,-8.6666667,4.0,10.6
1001099999,2025-06-06T01:00:00,70.9333333,-8.6666667,3.6,12.0
1001099999,2025-06-06T02:00:00,70.9333333,-8.6666667,3.2,11.1
1001099999,2025-06-06T03:00:00,70.9333333,-8.6666667,6.0,5.1
1001099999,2025-06-06T04:00:00,70.9333333,-8.6666667,6.7,2.4
1001099999,2025-06-06T06:00:00,70.9333333,-8.6666667,6.5,1.3
1001099999,2025-06-06T07:00:00,70.9333333,-8.6666667,6.2,3.4
1001099999,2025-06-06T08:00:00,70.9333333,-8.6666667,6.0,2.7
1001099999,2025-06-06T09:00:00,70.9333333,-8.6666667,6.2,2.1
1001099999,2025-06-06T10:00:00,70.9333333,-8.6666667,6.5,3.2
1001099999,2025-06-06T11:00:00,70.9333333,-8.6666667,7.2,3.5
1001099999,2025-06-06T12:00:00,70.9333333,-8.6666667,7.2,4.5
1001099999,2025-06-06T13:00:00,70.9333333,-8.6666667,7.1,3.4
1001099999,2025-06-06T14:00:00,70.9333333,-8.6666667,7.5,4.4
1001099999,2025-06-06T15:00:00,70.9333333,-8.6666667,7.2,2.8
1001099999,2025-06-06T16:00:00,70.9333333,-8.6666667,7.0,1.3
1001099999,2025-06-06T18:00:00,70.9333333,-8.6666667,7.0,1.2
1001099999,2025-06-06T19:00:00,70.9333333,-8.6666667,6.5,2.2
1001099999,2025-06-06T20:00:00,70.9333333,-8.6666667,6.7,2.0
1001099999,2025-06-06T21:00:00,70.9333333,-8.6666667,6.6,4.8
1001099999,2025-06-06T22:00:00,70.9333333,-8.6666667,6.5,3.4
1001099999,2025-06-06T23:00:00,70.9333333,-8.6666667,6.1,1.1
1001099999,2025-06-07T00:00:00,70.9333333,-8.6666667,6.1,1.5
1001099999,2025-06-07T01:00:00,70.9333333,-8.6666667,6.7,3.4
1001099999,2025-06-07T02:00:00,70.9333333,-8.6666667,6.1,3.3
1001099999,2025-06-07T03:00:00,70.9333333,-8.6666667,6.2,2.0
1001099999,2025-06-07T04:00:00,70.9333333,-8.6666667,5.2,6.6
1001099999,2025-06-07T05:00:00,70.9333333,-8.6666667,5.0,8.1
1001099999,2025-06-07T06:00:00,70.9333333,-8.6666667,4.7,9.0
1001099999,2025-06-07T07:00:00,70.9333333,-8.6666667,5.0,11.6
1001099999,2025-06-07T09:00:00,70.9333333,-8.6666667,4.6,8.9
1001099999,2025-06-07T10:00:00,70.9333333,-8.6666667,4.1,9.3
1001099999,2025-06-07T12:00:00,70.9333333,-8.6666667,3.7,11.6
1001099999,2025-06-07T13:00:00,70.9333333,-8.6666667,4.2,10.4
1001099999,2025-06-07T14:00:00,70.9333333,-8.6666667,3.7,10.3
1001099999,2025-06-07T15:00:00,70.9333333,-8.6666667,3.4,9.0
1001099999,2025-06-07T16:00:00,70.9333333,-8.6666667,3.5,10.2
1001099999,2025-06-07T17:00:00,70.9333333,-8.6666667,3.5,10.9
1001099999,2025-06-07T18:00:00,70.9333333,-8.6666667,3.2,9.3
1001099999,2025-06-07T21:00:00,70.9333333,-8.6666667,3.0,10.7
1001099999,2025-06-07T22:00:00,70.9333333,-8.6666667,2.7,11.2
1001099999,2025-06-07T23:00:00,70.9333333,-8.6666667,2.7,9.6
1001099999,2025-06-08T00:00:00,70.9333333,-8.6666667,2.4,9.0
1001099999,2025-06-08T01:00:00,70.9333333,-8.6666667,2.2,8.8
1001099999,2025-06-08T02:00:00,70.9333333,-8.6666667,2.2,11.3
1001099999,2025-06-08T03:00:00,70.9333333,-8.6666667,2.0,10.7
1001099999,2025-06-08T04:00:00,70.9333333,-8.6666667,1.7,10.0
1001099999,2025-06-08T05:00:00,70.9333333,-8.6666667,1.5,12.3
1001099999,2025-06-08T06:00:00,70.9333333,-8.6666667,1.1,12.3
1001099999,2025-06-08T07:00:00,70.9333333,-8.6666667,0.7,12.8
1001099999,2025-06-08T08:00:00,70.9333333,-8.6666667,0.5,12.8
1001099999,2025-06-08T09:00:00,70.9333333,-8.6666667,0.2,10.4
1001099999,2025-06-08T10:00:00,70.9333333,-8.6666667,0.7,10.0
1001099999,2025-06-08T15:00:00,70.9333333,-8.6666667,0.3,10.0
1001099999,2025-06-08T17:00:00,70.9333333,-8.6666667,0.5,11.0
1001099999,2025-06-08T18:00:00,70.9333333,-8.6666667,0.5,11.0
1001099999,2025-06-08T19:00:00,70.9333333,-8.6666667,0.7,10.4
1001099999,2025-06-08T20:00:00,70.9333333,-8.6666667,0.5,9.8
1001099999,2025-06-08T21:00:00,70.9333333,-8.6666667,0.5,8.6
1001099999,2025-06-08T23:00:00,70.9333333,-8.6666667,0.1,11.1
1001099999,2025-06-09T00:00:00,70.9333333,-8.6666667,0.0,8.5
1001099999,2025-06-09T01:00:00,70.9333333,-8.6666667,0.0,7.6
1001099999,2025-06-09T02:00:00,70.9333333,-8.6666667,-0.2,7.7
1001099999,2025-06-09T03:00:00,70.9333333,-8.6666667,-0.2,9.2
1001099999,2025-06-09T04:00:00,70.9333333,-8.6666667,0.0,9.6
1001099999,2025-06-09T05:00:00,70.9333333,-8.6666667,0.2,10.5
1001099999,2025-06-09T06:00:00,70.9333333,-8.6666667,0.3,9.0
1001099999,2025-06-09T07:00:00,70.9333333,-8.6666667,0.2,9.6
1001099999,2025-06-09T08:00:00,70.9333333,-8.6666667,0.7,8.4
1001099999,2025-06-09T09:00:00,70.9333333,-8.6666667,0.5,8.0
1001099999,2025-06-09T10:00:00,70.9333333,-8.6666667,0.7,8.8
1001099999,2025-06-09T11:00:00,70.9333333,-8.6666667,1.2,8.0
1001099999,2025-06-09T12:00:00,70.9333333,-8.6666667,1.1,7.0
1001099999,2025-06-09T15:00:00,70.9333333,-8.6666667,2.4,7.0
1001099999,2025-06-09T16:00:00,70.9333333,-8.6666667,2.0,7.3
1001099999,2025-06-09T18:00:00,70.9333333,-8.6666667,1.8,5.0
1001099999,2025-06-09T21:00:00,70.9333333,-8.6666667,1.5,2.4
1001099999,2025-06-09T22:00:00,70.9333333,-8.6666667,1.2,1.4
1001099999,2025-06-09T23:00:00,70.9333333,-8.6666667,1.2,3.8
1001099999,2025-06-10T00:00:00,70.9333333,-8.6666667,1.0,1.9
1001099999,2025-06-10T01:00:00,70.9333333,-8.6666667,1.0,3.6
1001099999,2025-06-10T03:00:00,70.9333333,-8.6666667,1.6,4.8
1001099999,2025-06-10T05:00:00,70.9333333,-8.6666667,1.1,4.2
1001099999,2025-06-10T06:00:00,70.9333333,-8.6666667,1.0,4.2
1001099999,2025-06-10T07:00:00,70.9333333,-8.6666667,1.0,5.2
1001099999,2025-06-10T08:00:00,70.9333333,-8.6666667,1.1,4.3
1001099999,2025-06-10T09:00:00,70.9333333,-8.6666667,1.1,6.0
1001099999,2025-06-10T10:00:00,70.9333333,-8.6666667,1.0,6.6
1001099999,2025-06-10T12:00:00,70.9333333,-8.6666667,0.9,5.0
1001099999,2025-06-10T14:00:00,70.9333333,-8.6666667,1.0,4.7
1001099999,2025-06-10T15:00:00,70.9333333,-8.6666667,0.9,5.0
1001099999,2025-06-10T16:00:00,70.9333333,-8.6666667,1.0,7.0
1001099999,2025-06-10T17:00:00,70.9333333,-8.6666667,0.7,6.2
1001099999,2025-06-10T18:00:00,70.9333333,-8.6666667,1.0,6.8
1001099999,2025-06-10T19:00:00,70.9333333,-8.6666667,1.1,6.4
1001099999,2025-06-10T20:00:00,70.9333333,-8.6666667,1.0,6.6
1001099999,2025-06-10T21:00:00,70.9333333,-8.6666667,0.7,8.6
1001099999,2025-06-10T22:00:00,70.9333333,-8.6666667,0.7,8.1
1001099999,2025-06-10T23:00:00,70.9333333,-8.6666667,0.7,5.1
1001099999,2025-06-11T00:00:00,70.9333333,-8.6666667,1.0,2.1
1001099999,2025-06-11T02:00:00,70.9333333,-8.6666667,0.5,12.7
1001099999,2025-06-11T03:00:00,70.9333333,-8.6666667,0.5,10.4
1001099999,2025-06-11T04:00:00,70.9333333,-8.6666667,0.5,7.3
1001099999,2025-06-11T05:00:00,70.9333333,-8.6666667,0.7,10.7
1001099999,2025-06-11T06:00:00,70.9333333,-8.6666667,1.5,5.0
1001099999,2025-06-11T07:00:00,70.9333333,-8.6666667,2.5,3.1
1001099999,2025-06-11T08:00:00,70.9333333,-8.6666667,2.5,4.2
1001099999,2025-06-11T09:00:00,70.9333333,-8.6666667,2.5,6.3
1001099999,2025-06-11T10:00:00,70.9333333,-8.6666667,2.7,2.3
1001099999,2025-06-11T11:00:00,70.9333333,-8.6666667,3.2,4.0
1001099999,2025-06-11T12:00:00,70.9333333,-8.6666667,3.5,2.2
1001099999,2025-06-11T13:00:00,70.9333333,-8.6666667,4.5,6.7
1001099999,2025-06-11T14:00:00,70.9333333,-8.6666667,4.0,5.0
1001099999,2025-06-11T15:00:00,70.9333333,-8.6666667,3.8,4.0
1001099999,2025-06-11T16:00:00,70.9333333,-8.6666667,4.0,3.1
1001099999,2025-06-11T17:00:00,70.9333333,-8.6666667,4.2,3.1
1001099999,2025-06-11T18:00:00,70.9333333,-8.6666667,4.0,6.2
1001099999,2025-06-11T19:00:00,70.9333333,-8.6666667,3.6,5.9
1001099999,2025-06-11T20:00:00,70.9333333,-8.6666667,3.2,5.2
1001099999,2025-06-12T03:00:00,70.9333333,-8.6666667,3.5,4.9
1001099999,2025-06-12T04:00:00,70.9333333,-8.6666667,3.2,4.5
1001099999,2025-06-12T05:00:00,70.9333333,-8.6666667,3.5,4.9
1001099999,2025-06-12T06:00:00,70.9333333,-8.6666667,3.4,6.0
1001099999,2025-06-12T07:00:00,70.9333333,-8.6666667,3.5,5.6
1001099999,2025-06-12T08:00:00,70.9333333,-8.6666667,3.5,4.1
1001099999,2025-06-12T09:00:00,70.9333333,-8.6666667,4.0,5.0
1001099999,2025-06-12T10:00:00,70.9333333,-8.6666667,4.0,5.9
1001099999,2025-06-12T11:00:00,70.9333333,-8.6666667,4.7,6.4
1001099999,2025-06-12T12:00:00,70.9333333,-8.6666667,4.9,8.0
1001099999,2025-06-12T13:00:00,70.9333333,-8.6666667,5.0,7.6
1001099999,2025-06-12T15:00:00,70.9333333,-8.6666667,4.7,8.0
1001099999,2025-06-12T16:00:00,70.9333333,-8.6666667,4.6,9.0
1001099999,2025-06-12T17:00:00,70.9333333,-8.6666667,4.5,10.3
1001099999,2025-06-12T18:00:00,70.9333333,-8.6666667,4.2,11.4
1001099999,2025-06-12T19:00:00,70.9333333,-8.6666667,4.5,11.4
1001099999,2025-06-12T20:00:00,70.9333333,-8.6666667,4.7,11.8
1001099999,2025-06-12T21:00:00,70.9333333,-8.6666667,4.7,11.2
1001099999,2025-06-12T22:00:00,70.9333333,-8.6666667,4.5,9.9
1001099999,2025-06-13T00:00:00,70.9333333,-8.6666667,3.7,3.7
1001099999,2025-06-13T01:00:00,70.9333333,-8.6666667,3.7,6.9
1001099999,2025-06-13T02:00:00,70.9333333,-8.6666667,3.5,7.6
1001099999,2025-06-13T03:00:00,70.9333333,-8.6666667,3.2,6.7
1001099999,2025-06-13T04:00:00,70.9333333,-8.6666667,3.5,6.4
1001099999,2025-06-13T05:00:00,70.9333333,-8.6666667,3.2,5.3
1001099999,2025-06-13T06:00:00,70.9333333,-8.6666667,3.1,6.0
1001099999,2025-06-13T09:00:00,70.9333333,-8.6666667,3.2,12.8
1001099999,2025-06-13T10:00:00,70.9333333,-8.6666667,2.6,9.8
1001099999,2025-06-13T11:00:00,70.9333333,-8.6666667,2.2,9.5
1001099999,2025-06-13T12:00:00,70.9333333,-8.6666667,2.2,10.6
1001099999,2025-06-13T13:00:00,70.9333333,-8.6666667,2.1,10.4
1001099999,2025-06-13T15:00:00,70.9333333,-8.6666667,2.2,5.0
1001099999,2025-06-13T17:00:00,70.9333333,-8.6666667,2.1,7.1
1001099999,2025-06-13T18:00:00,70.9333333,-8.6666667,2.1,6.8
1001099999,2025-06-13T19:00:00,70.9333333,-8.6666667,2.1,6.7
1001099999,2025-06-13T20:00:00,70.9333333,-8.6666667,2.2,4.7
1001099999,2025-06-13T21:00:00,70.9333333,-8.6666667,2.6,4.0
1001099999,2025-06-13T22:00:00,70.9333333,-8.6666667,2.7,4.1
1001099999,2025-06-14T00:00:00,70.9333333,-8.6666667,3.5,7.5
1001099999,2025-06-14T03:00:00,70.9333333,-8.6666667,4.0,1.5
1001099999,2025-06-14T04:00:00,70.9333333,-8.6666667,4.2,1.8
1001099999,2025-06-14T05:00:00,70.9333333,-8.6666667,3.2,0.8
1001099999,2025-06-14T06:00:00,70.9333333,-8.6666667,3.3,2.0
1001099999,2025-06-14T07:00:00,70.9333333,-8.6666667,3.0,3.3
1001099999,2025-06-14T09:00:00,70.9333333,-8.6666667,3.2,2.7
1001099999,2025-06-14T10:00:00,70.9333333,-8.6666667,3.2,2.1
1001099999,2025-06-14T11:00:00,70.9333333,-8.6666667,4.1,3.6
1001099999,2025-06-14T12:00:00,70.9333333,-8.6666667,4.2,5.9
1001099999,2025-06-14T13:00:00,70.9333333,-8.6666667,4.5,6.9
1001099999,2025-06-14T14:00:00,70.9333333,-8.6666667,4.7,6.5
1001099999,2025-06-14T15:00:00,70.9333333,-8.6666667,4.1,5.0
1001099999,2025-06-14T16:00:00,70.9333333,-8.6666667,3.5,4.7
1001099999,2025-06-14T17:00:00,70.9333333,-8.6666667,3.2,3.9
1001099999,2025-06-14T18:00:00,70.9333333,-8.6666667,2.5,3.8
1001099999,2025-06-14T19:00:00,70.9333333,-8.6666667,2.2,3.5
1001099999,2025-06-14T20:00:00,70.9333333,-8.6666667,2.0,3.8
1001099999,2025-06-14T21:00:00,70.9333333,-8.6666667,1.6,4.1
1001099999,2025-06-14T22:00:00,70.9333333,-8.6666667,1.5,3.3
1001099999,2025-06-14T23:00:00,70.9333333,-8.6666667,1.1,2.6
1001099999,2025-06-15T00:00:00,70.9333333,-8.6666667,0.7,3.0
1001099999,2025-06-15T01:00:00,70.9333333,-8.6666667,0.2,1.6
1001099999,2025-06-15T02:00:00,70.9333333,-8.6666667,0.2,1.9
1001099999,2025-06-15T03:00:00,70.9333333,-8.6666667,0.5,1.9
1001099999,2025-06-15T04:00:00,70.9333333,-8.6666667,2.2,2.6
1001099999,2025-06-15T05:00:00,70.9333333,-8.6666667,3.5,2.9
1001099999,2025-06-15T06:00:00,70.9333333,-8.6666667,4.4,4.0
1001099999,2025-06-15T07:00:00,70.9333333,-8.6666667,5.0,3.8
1001099999,2025-06-15T09:00:00,70.9333333,-8.6666667,6.1,3.0
1001099999,2025-06-15T10:00:00,70.9333333,-8.6666667,6.1,3.0
1001099999,2025-06-15T11:00:00,70.9333333,-8.6666667,6.1,3.1
1001099999,2025-06-15T12:00:00,70.9333333,-8.6666667,7.0,3.5
1001099999,2025-06-15T13:00:00,70.9333333,-8.6666667,6.1,5.3
1001099999,2025-06-15T14:00:00,70.9333333,-8.6666667,6.1,5.0
1001099999,2025-06-15T15:00:00,70.9333333,-8.6666667,5.4,4.0
1001099999,2025-06-15T16:00:00,70.9333333,-8.6666667,5.2,3.7
1001099999,2025-06-15T18:00:00,70.9333333,-8.6666667,5.0,3.4
1001099999,2025-06-15T21:00:00,70.9333333,-8.6666667,4.7,5.1
1001099999,2025-06-15T22:00:00,70.9333333,-8.6666667,4.7,1.2
1001099999,2025-06-15T23:00:00,70.9333333,-8.6666667,4.7,3.8
1001099999,2025-06-16T00:00:00,70.9333333,-8.6666667,4.7,5.0
1001099999,2025-06-16T02:00:00,70.9333333,-8.6666667,5.0,1.5
1001099999,2025-06-16T03:00:00,70.9333333,-8.6666667,4.7,1.9
1001099999,2025-06-16T05:00:00,70.9333333,-8.6666667,4.6,2.3
1001099999,2025-06-16T06:00:00,70.9333333,-8.6666667,4.7,3.3
1001099999,2025-06-16T07:00:00,70.9333333,-8.6666667,4.7,0.7
1001099999,2025-06-16T09:00:00,70.9333333,-8.6666667,5.0,3.3
1001099999,2025-06-16T11:00:00,70.9333333,-8.6666667,5.5,3.7
1001099999,2025-06-16T12:00:00,70.9333333,-8.6666667,5.2,4.0
1001099999,2025-06-16T13:00:00,70.9333333,-8.6666667,5.2,4.3
1001099999,2025-06-16T14:00:00,70.9333333,-8.6666667,5.5,3.3
1001099999,2025-06-16T15:00:00,70.9333333,-8.6666667,5.8,5.0
1001099999,2025-06-16T16:00:00,70.9333333,-8.6666667,5.7,3.8
1001099999,2025-06-16T17:00:00,70.9333333,-8.6666667,5.2,4.1
1001099999,2025-06-16T18:00:00,70.9333333,-8.6666667,5.2,4.5
1001099999,2025-06-16T22:00:00,70.9333333,-8.6666667,5.1,1.1
1001099999,2025-06-17T00:00:00,70.9333333,-8.6666667,5.0,4.7
1001099999,2025-06-17T01:00:00,70.9333333,-8.6666667,4.7,5.6
1001099999,2025-06-17T03:00:00,70.9333333,-8.6666667,5.0,5.9
1001099999,2025-06-17T04:00:00,70.9333333,-8.6666667,5.0,4.9
1001099999,2025-06-17T05:00:00,70.9333333,-8.6666667,5.0,4.8
1001099999,2025-06-17T06:00:00,70.9333333,-8.6666667,5.5,6.0
1001099999,2025-06-17T07:00:00,70.9333333,-8.6666667,5.2,3.5
1001099999,2025-06-17T09:00:00,70.9333333,-8.6666667,5.0,5.0
1001099999,2025-06-17T10:00:00,70.9333333,-8.6666667,5.2,6.6
1001099999,2025-06-17T11:00:00,70.9333333,-8.6666667,5.2,5.4
1001099999,2025-06-17T12:00:00,70.9333333,-8.6666667,5.0,5.0
1001099999,2025-06-17T13:00:00,70.9333333,-8.6666667,5.2,3.1
1001099999,2025-06-17T14:00:00,70.9333333,-8.6666667,5.5,4.8
1001099999,2025-06-17T15:00:00,70.9333333,-8.6666667,5.2,5.2
1001099999,2025-06-17T16:00:00,70.9333333,-8.6666667,5.2,4.9
1001099999,2025-06-17T17:00:00,70.9333333,-8.6666667,5.0,5.2
1001099999,2025-06-17T18:00:00,70.9333333,-8.6666667,4.7,6.1
1001099999,2025-06-17T19:00:00,70.9333333,-8.6666667,5.0,6.1
1001099999,2025-06-17T21:00:00,70.9333333,-8.6666667,4.6,5.7
1001099999,2025-06-17T22:00:00,70.9333333,-8.6666667,4.5,6.6
1001099999,2025-06-18T00:00:00,70.9333333,-8.6666667,4.2,5.5
1001099999,2025-06-18T02:00:00,70.9333333,-8.6666667,4.1,3.1
1001099999,2025-06-18T03:00:00,70.9333333,-8.6666667,4.0,2.5
1001099999,2025-06-18T05:00:00,70.9333333,-8.6666667,4.6,1.4
1001099999,2025-06-18T06:00:00,70.9333333,-8.6666667,4.3,1.0
1001099999,2025-06-18T07:00:00,70.9333333,-8.6666667,4.6,2.1
1001099999,2025-06-18T09:00:00,70.9333333,-8.6666667,4.8,2.0
1001099999,2025-06-18T10:00:00,70.9333333,-8.6666667,5.5,1.1
1001099999,2025-06-18T11:00:00,70.9333333,-8.6666667,5.5,2.2
1001099999,2025-06-18T12:00:00,70.9333333,-8.6666667,5.9,1.0
1001099999,2025-06-18T14:00:00,70.9333333,-8.6666667,5.6,0.7
1001099999,2025-06-18T15:00:00,70.9333333,-8.6666667,5.6,1.0
1001099999,2025-06-18T16:00:00,70.9333333,-8.6666667,5.5,1.3
1001099999,2025-06-18T17:00:00,70.9333333,-8.6666667,5.5,0.6
1001099999,2025-06-18T18:00:00,70.9333333,-8.6666667,5.5,1.2
1001099999,2025-06-18T19:00:00,70.9333333,-8.6666667,5.2,1.1
1001099999,2025-06-18T21:00:00,70.9333333,-8.6666667,5.0,0.8
1001099999,2025-06-18T22:00:00,70.9333333,-8.6666667,5.0,1.3
1001099999,2025-06-19T00:00:00,70.9333333,-8.6666667,4.5,0.5
1001099999,2025-06-19T01:00:00,70.9333333,-8.6666667,4.5,1.3
1001099999,2025-06-19T02:00:00,70.9333333,-8.6666667,4.2,2.0
1001099999,2025-06-19T03:00:00,70.9333333,-8.6666667,4.1,0.7
1001099999,2025-06-19T04:00:00,70.9333333,-8.6666667,3.6,2.5
1001099999,2025-06-19T06:00:00,70.9333333,-8.6666667,3.7,3.9
1001099999,2025-06-19T07:00:00,70.9333333,-8.6666667,4.0,1.7
1001099999,2025-06-19T09:00:00,70.9333333,-8.6666667,4.3,2.0
1001099999,2025-06-19T10:00:00,70.9333333,-8.6666667,4.0,2.6
1001099999,2025-06-19T11:00:00,70.9333333,-8.6666667,3.6,2.2
1001099999,2025-06-19T12:00:00,70.9333333,-8.6666667,3.7,2.0
1001099999,2025-06-19T15:00:00,70.9333333,-8.6666667,4.0,2.2
1001099999,2025-06-19T16:00:00,70.9333333,-8.6666667,4.0,2.3
1001099999,2025-06-19T18:00:00,70.9333333,-8.6666667,3.7,2.2
1001099999,2025-06-19T21:00:00,70.9333333,-8.6666667,3.6,1.0
1001099999,2025-06-19T22:00:00,70.9333333,-8.6666667,3.7,0.6
1001099999,2025-06-19T23:00:00,70.9333333,-8.6666667,4.0,1.0
1001099999,2025-06-20T00:00:00,70.9333333,-8.6666667,4.0,1.0
1001099999,2025-06-20T01:00:00,70.9333333,-8.6666667,4.2,1.3
1001099999,2025-06-20T02:00:00,70.9333333,-8.6666667,4.2,0.6
1001099999,2025-06-20T03:00:00,70.9333333,-8.6666667,4.5,0.6
1001099999,2025-06-20T05:00:00,70.9333333,-8.6666667,5.2,1.7
1001099999,2025-06-20T06:00:00,70.9333333,-8.6666667,5.1,1.0
1001099999,2025-06-20T09:00:00,70.9333333,-8.6666667,6.0,2.0
1001099999,2025-06-20T10:00:00,70.9333333,-8.6666667,5.6,4.0
1001099999,2025-06-20T11:00:00,70.9333333,-8.6666667,5.5,7.4
1001099999,2025-06-20T12:00:00,70.9333333,-8.6666667,5.0,6.7
1001099999,2025-06-20T13:00:00,70.9333333,-8.6666667,4.7,8.5
1001099999,2025-06-20T15:00:00,70.9333333,-8.6666667,4.6,10.0
1001099999,2025-06-20T17:00:00,70.9333333,-8.6666667,4.7,9.1
1001099999,2025-06-20T18:00:00,70.9333333,-8.6666667,4.6,8.7
1001099999,2025-06-20T20:00:00,70.9333333,-8.6666667,4.5,7.5
1001099999,2025-06-20T21:00:00,70.9333333,-8.6666667,4.1,9.9
1001099999,2025-06-20T22:00:00,70.9333333,-8.6666667,3.2,10.3
1001099999,2025-06-21T00:00:00,70.9333333,-8.6666667,3.0,9.1
1001099999,2025-06-21T03:00:00,70.9333333,-8.6666667,3.6,2.9
1001099999,2025-06-21T06:00:00,70.9333333,-8.6666667,3.3,2.0
1001099999,2025-06-21T08:00:00,70.9333333,-8.6666667,3.5,1.9
1001099999,2025-06-21T09:00:00,70.9333333,-8.6666667,3.7,1.8
1001099999,2025-06-21T12:00:00,70.9333333,-8.6666667,4.2,3.0
1001099999,2025-06-21T13:00:00,70.9333333,-8.6666667,4.2,2.5
1001099999,2025-06-21T14:00:00,70.9333333,-8.6666667,4.2,2.7
1001099999,2025-06-21T15:00:00,70.9333333,-8.6666667,4.1,2.0
1001099999,2025-06-21T18:00:00,70.9333333,-8.6666667,4.5,1.3
1001099999,2025-06-21T19:00:00,70.9333333,-8.6666667,4.5,1.3
1001099999,2025-06-21T22:00:00,70.9333333,-8.6666667,4.2,1.2
1001099999,2025-06-21T23:00:00,70.9333333,-8.6666667,4.2,0.9
1001099999,2025-06-22T00:00:00,70.9333333,-8.6666667,4.2,2.0
1001099999,2025-06-22T01:00:00,70.9333333,-8.6666667,4.2,1.3
1001099999,2025-06-22T03:00:00,70.9333333,-8.6666667,4.5,0.4
1001099999,2025-06-22T05:00:00,70.9333333,-8.6666667,5.1,0.5
1001099999,2025-06-22T06:00:00,70.9333333,-8.6666667,5.1,1.0
1001099999,2025-06-22T07:00:00,70.9333333,-8.6666667,5.2,1.2
1001099999,2025-06-22T09:00:00,70.9333333,-8.6666667,5.3,1.0
1001099999,2025-06-22T10:00:00,70.9333333,-8.6666667,5.2,1.1
1001099999,2025-06-22T12:00:00,70.9333333,-8.6666667,5.3,1.0
1001099999,2025-06-22T15:00:00,70.9333333,-8.6666667,5.5,2.0
1001099999,2025-06-22T16:00:00,70.9333333,-8.6666667,5.5,1.7
1001099999,2025-06-22T18:00:00,70.9333333,-8.6666667,5.2,4.2
1001099999,2025-06-22T19:00:00,70.9333333,-8.6666667,5.2,2.7
1001099999,2025-06-22T20:00:00,70.9333333,-8.6666667,5.1,1.0
1001099999,2025-06-22T21:00:00,70.9333333,-8.6666667,5.2,2.4
1001099999,2025-06-23T00:00:00,70.9333333,-8.6666667,5.0,3.5
1001099999,2025-06-23T01:00:00,70.9333333,-8.6666667,4.7,4.4
1001099999,2025-06-23T03:00:00,70.9333333,-8.6666667,4.5,1.7
1001099999,2025-06-23T05:00:00,70.9333333,-8.6666667,4.1,2.1
1001099999,2025-06-23T06:00:00,70.9333333,-8.6666667,4.2,2.0
1001099999,2025-06-23T07:00:00,70.9333333,-8.6666667,4.6,6.0
1001099999,2025-06-23T08:00:00,70.9333333,-8.6666667,5.2,7.1
1001099999,2025-06-23T09:00:00,70.9333333,-8.6666667,4.3,3.0
1001099999,2025-06-23T10:00:00,70.9333333,-8.6666667,4.1,4.6
1001099999,2025-06-23T11:00:00,70.9333333,-8.6666667,4.1,4.8
1001099999,2025-06-23T12:00:00,70.9333333,-8.6666667,4.1,3.0
1001099999,2025-06-23T13:00:00,70.9333333,-8.6666667,4.2,1.1
1001099999,2025-06-23T14:00:00,70.9333333,-8.6666667,4.2,2.3
1001099999,2025-06-23T15:00:00,70.9333333,-8.6666667,4.3,2.0
1001099999,2025-06-23T16:00:00,70.9333333,-8.6666667,4.0,2.3
1001099999,2025-06-23T18:00:00,70.9333333,-8.6666667,4.0,2.0
1001099999,2025-06-23T19:00:00,70.9333333,-8.6666667,4.0,3.1
1001099999,2025-06-23T20:00:00,70.9333333,-8.6666667,3.5,2.9
1001099999,2025-06-23T21:00:00,70.9333333,-8.6666667,3.2,1.7
1001099999,2025-06-23T22:00:00,70.9333333,-8.6666667,3.2,2.9
1001099999,2025-06-23T23:00:00,70.9333333,-8.6666667,3.2,2.6
1001099999,2025-06-24T00:00:00,70.9333333,-8.6666667,2.7,2.6
1001099999,2025-06-24T02:00:00,70.9333333,-8.6666667,2.7,2.9
1001099999,2025-06-24T03:00:00,70.9333333,-8.6666667,2.5,4.3
1001099999,2025-06-24T04:00:00,70.9333333,-8.6666667,2.2,3.5
1001099999,2025-06-24T06:00:00,70.9333333,-8.6666667,3.1,3.0
1001099999,2025-06-24T09:00:00,70.9333333,-8.6666667,4.2,7.0
1001099999,2025-06-24T10:00:00,70.9333333,-8.6666667,4.2,6.9
1001099999,2025-06-24T11:00:00,70.9333333,-8.6666667,4.5,6.6
1001099999,2025-06-24T12:00:00,70.9333333,-8.6666667,5.1,6.0
1001099999,2025-06-24T14:00:00,70.9333333,-8.6666667,5.7,5.0
1001099999,2025-06-24T15:00:00,70.9333333,-8.6666667,6.4,3.0
1001099999,2025-06-24T16:00:00,70.9333333,-8.6666667,6.5,3.8
1001099999,2025-06-24T17:00:00,70.9333333,-8.6666667,6.0,3.0
1001099999,2025-06-24T18:00:00,70.9333333,-8.6666667,5.5,2.1
1001099999,2025-06-24T21:00:00,70.9333333,-8.6666667,4.5,1.3
1001099999,2025-06-24T22:00:00,70.9333333,-8.6666667,4.5,0.9
1001099999,2025-06-24T23:00:00,70.9333333,-8.6666667,4.1,2.0
1001099999,2025-06-25T00:00:00,70.9333333,-8.6666667,4.0,1.3
1001099999,2025-06-25T01:00:00,70.9333333,-8.6666667,4.1,0.3
1001099999,2025-06-25T02:00:00,70.9333333,-8.6666667,3.2,4.6
1001099999,2025-06-25T03:00:00,70.9333333,-8.6666667,3.1,4.0
1001099999,2025-06-25T05:00:00,70.9333333,-8.6666667,2.7,4.8
1001099999,2025-06-25T06:00:00,70.9333333,-8.6666667,3.1,4.0
1001099999,2025-06-25T09:00:00,70.9333333,-8.6666667,3.6,1.0
1001099999,2025-06-25T10:00:00,70.9333333,-8.6666667,3.7,1.9
1001099999,2025-06-25T11:00:00,70.9333333,-8.6666667,3.7,3.4
1001099999,2025-06-25T12:00:00,70.9333333,-8.6666667,3.6,2.0
1001099999,2025-06-25T15:00:00,70.9333333,-8.6666667,4.3,2.0
1001099999,2025-06-25T18:00:00,70.9333333,-8.6666667,4.2,1.6
1001099999,2025-06-25T19:00:00,70.9333333,-8.6666667,4.1,1.9
1001099999,2025-06-25T20:00:00,70.9333333,-8.6666667,4.1,1.2
1001099999,2025-06-25T21:00:00,70.9333333,-8.6666667,3.6,1.5
1001099999,2025-06-25T22:00:00,70.9333333,-8.6666667,3.5,1.1
1001099999,2025-06-26T00:00:00,70.9333333,-8.6666667,3.7,0.7
1001099999,2025-06-26T02:00:00,70.9333333,-8.6666667,4.2,2.5
1001099999,2025-06-26T03:00:00,70.9333333,-8.6666667,4.2,3.0
1001099999,2025-06-26T04:00:00,70.9333333,-8.6666667,4.5,3.5
1001099999,2025-06-26T05:00:00,70.9333333,-8.6666667,4.5,4.8
1001099999,2025-06-26T06:00:00,70.9333333,-8.6666667,4.8,6.0
1001099999,2025-06-26T07:00:00,70.9333333,-8.6666667,5.2,5.4
1001099999,2025-06-26T09:00:00,70.9333333,-8.6666667,6.0,6.0
1001099999,2025-06-26T10:00:00,70.9333333,-8.6666667,6.0,6.5
1001099999,2025-06-26T11:00:00,70.9333333,-8.6666667,6.2,6.2
1001099999,2025-06-26T12:00:00,70.9333333,-8.6666667,6.4,6.0
1001099999,2025-06-26T15:00:00,70.9333333,-8.6666667,6.0,7.0
1001099999,2025-06-26T16:00:00,70.9333333,-8.6666667,6.1,8.3
1001099999,2025-06-26T17:00:00,70.9333333,-8.6666667,6.1,9.3
1001099999,2025-06-26T18:00:00,70.9333333,-8.6666667,6.2,9.6
1001099999,2025-06-26T19:00:00,70.9333333,-8.6666667,6.0,9.1
1001099999,2025-06-26T21:00:00,70.9333333,-8.6666667,6.0,8.2
1001099999,2025-06-27T00:00:00,70.9333333,-8.6666667,6.2,9.7
1001099999,2025-06-27T03:00:00,70.9333333,-8.6666667,6.2,10.6
1001099999,2025-06-27T04:00:00,70.9333333,-8.6666667,6.2,10.0
1001099999,2025-06-27T05:00:00,70.9333333,-8.6666667,6.2,10.0
1001099999,2025-06-27T06:00:00,70.9333333,-8.6666667,6.1,10.0
1001099999,2025-06-27T09:00:00,70.9333333,-8.6666667,6.4,8.0
1001099999,2025-06-27T12:00:00,70.9333333,-8.6666667,6.6,8.0
1001099999,2025-06-27T14:00:00,70.9333333,-8.6666667,6.5,7.7
1001099999,2025-06-27T15:00:00,70.9333333,-8.6666667,6.3,8.0
1001099999,2025-06-27T16:00:00,70.9333333,-8.6666667,6.2,7.2
1001099999,2025-06-27T18:00:00,70.9333333,-8.6666667,6.1,5.7
1001099999,2025-06-27T20:00:00,70.9333333,-8.6666667,5.7,5.4
1001099999,2025-06-27T21:00:00,70.9333333,-8.6666667,5.7,5.3
1001099999,2025-06-28T00:00:00,70.9333333,-8.6666667,5.6,5.5
1001099999,2025-06-28T03:00:00,70.9333333,-8.6666667,5.6,4.4
1001099999,2025-06-28T04:00:00,70.9333333,-8.6666667,5.6,4.4
1001099999,2025-06-28T06:00:00,70.9333333,-8.6666667,5.8,4.0
1001099999,2025-06-28T09:00:00,70.9333333,-8.6666667,6.2,2.0
1001099999,2025-06-28T10:00:00,70.9333333,-8.6666667,6.5,2.0
1001099999,2025-06-28T12:00:00,70.9333333,-8.6666667,6.9,1.0
1001099999,2025-06-28T15:00:00,70.9333333,-8.6666667,7.7,2.0
1001099999,2025-06-28T16:00:00,70.9333333,-8.6666667,8.7,5.6
1001099999,2025-06-28T18:00:00,70.9333333,-8.6666667,8.0,6.3
1001099999,2025-06-28T21:00:00,70.9333333,-8.6666667,6.2,3.4
1001099999,2025-06-28T23:00:00,70.9333333,-8.6666667,5.2,5.4
1001099999,2025-06-29T00:00:00,70.9333333,-8.6666667,5.7,10.4
1001099999,2025-06-29T02:00:00,70.9333333,-8.6666667,6.5,10.4
1001099999,2025-06-29T03:00:00,70.9333333,-8.6666667,6.5,10.6
1001099999,2025-06-29T06:00:00,70.9333333,-8.6666667,6.9,9.0
1001099999,2025-06-29T09:00:00,70.9333333,-8.6666667,6.0,1.0
1001099999,2025-06-29T10:00:00,70.9333333,-8.6666667,6.2,1.6
1001099999,2025-06-29T12:00:00,70.9333333,-8.6666667,6.6,1.6
1001099999,2025-06-29T13:00:00,70.9333333,-8.6666667,7.1,1.4
1001099999,2025-06-29T14:00:00,70.9333333,-8.6666667,7.0,1.8
1001099999,2025-06-29T15:00:00,70.9333333,-8.6666667,6.9,2.0
1001099999,2025-06-29T17:00:00,70.9333333,-8.6666667,7.1,4.0
1001099999,2025-06-29T18:00:00,70.9333333,-8.6666667,6.2,4.7
1001099999,2025-06-29T21:00:00,70.9333333,-8.6666667,5.7,2.6
1001099999,2025-06-30T00:00:00,70.9333333,-8.6666667,4.2,4.9
1001099999,2025-06-30T03:00:00,70.9333333,-8.6666667,3.7,3.8
1001099999,2025-06-30T06:00:00,70.9333333,-8.6666667,3.6,6.0
1001099999,2025-06-30T07:00:00,70.9333333,-8.6666667,3.6,3.4
1001099999,2025-06-30T09:00:00,70.9333333,-8.6666667,4.0,4.0
1001099999,2025-06-30T11:00:00,70.9333333,-8.6666667,4.0,3.4
1001099999,2025-06-30T12:00:00,70.9333333,-8.6666667,4.1,3.0
1001099999,2025-06-30T15:00:00,70.9333333,-8.6666667,3.9,2.0
1001099999,2025-06-30T16:00:00,70.9333333,-8.6666667,4.2,0.9
1001099999,2025-06-30T18:00:00,70.9333333,-8.6666667,5.2,2.3
1001099999,2025-06-30T20:00:00,70.9333333,-8.6666667,6.0,1.6
1001099999,2025-06-30T21:00:00,70.9333333,-8.6666667,6.6,4.2
1001099999,2025-06-30T23:00:00,70.9333333,-8.6666667,6.5,6.5
1001099999,2025-07-01T00:00:00,70.9333333,-8.6666667,6.7,4.5
1001099999,2025-07-01T01:00:00,70.9333333,-8.6666667,7.1,4.6
1001099999,2025-07-01T03:00:00,70.9333333,-8.6666667,7.2,1.7
1001099999,2025-07-01T06:00:00,70.9333333,-8.6666667,6.4,10.0
1001099999,2025-07-01T08:00:00,70.9333333,-8.6666667,6.6,12.6
1001099999,2025-07-01T09:00:00,70.9333333,-8.6666667,6.3,13.0
1001099999,2025-07-01T11:00:00,70.9333333,-8.6666667,5.7,12.7
1001099999,2025-07-01T12:00:00,70.9333333,-8.6666667,5.0,11.0
1001099999,2025-07-01T13:00:00,70.9333333,-8.6666667,4.6,9.2
1001099999,2025-07-01T14:00:00,70.9333333,-8.6666667,4.6,6.8
1001099999,2025-07-01T15:00:00,70.9333333,-8.6666667,4.5,5.0
1001099999,2025-07-01T16:00:00,70.9333333,-8.6666667,4.2,8.0
1001099999,2025-07-01T18:00:00,70.9333333,-8.6666667,3.2,6.5
1001099999,2025-07-01T21:00:00,70.9333333,-8.6666667,2.7,7.3
1001099999,2025-07-02T00:00:00,70.9333333,-8.6666667,2.5,15.2
1001099999,2025-07-02T03:00:00,70.9333333,-8.6666667,2.7,5.5
1001099999,2025-07-02T05:00:00,70.9333333,-8.6666667,3.6,4.6
1001099999,2025-07-02T06:00:00,70.9333333,-8.6666667,3.8,2.0
1001099999,2025-07-02T07:00:00,70.9333333,-8.6666667,3.6,3.7
1001099999,2025-07-02T09:00:00,70.9333333,-8.6666667,3.7,4.0
1001099999,2025-07-02T12:00:00,70.9333333,-8.6666667,4.8,4.0
1001099999,2025-07-02T15:00:00,70.9333333,-8.6666667,5.0,4.2
1001099999,2025-07-02T18:00:00,70.9333333,-8.6666667,5.1,6.0
1001099999,2025-07-02T21:00:00,70.9333333,-8.6666667,4.5,1.9
1001099999,2025-07-02T23:00:00,70.9333333,-8.6666667,5.0,2.4
1001099999,2025-07-03T00:00:00,70.9333333,-8.6666667,5.0,0.8
1001099999,2025-07-03T02:00:00,70.9333333,-8.6666667,5.0,3.0
1001099999,2025-07-03T03:00:00,70.9333333,-8.6666667,5.1,3.2
1001099999,2025-07-03T05:00:00,70.9333333,-8.6666667,5.7,3.7
1001099999,2025-07-03T06:00:00,70.9333333,-8.6666667,5.3,4.0
1001099999,2025-07-03T09:00:00,70.9333333,-8.6666667,5.4,4.0
1001099999,2025-07-03T12:00:00,70.9333333,-8.6666667,5.7,6.0
1001099999,2025-07-03T13:00:00,70.9333333,-8.6666667,5.7,4.2
1001099999,2025-07-03T15:00:00,70.9333333,-8.6666667,5.7,3.0
1001099999,2025-07-03T16:00:00,70.9333333,-8.6666667,5.7,4.5
1001099999,2025-07-03T18:00:00,70.9333333,-8.6666667,5.7,1.4
1001099999,2025-07-03T19:00:00,70.9333333,-8.6666667,5.5,1.0
1001099999,2025-07-03T21:00:00,70.9333333,-8.6666667,5.2,1.6
1001099999,2025-07-04T00:00:00,70.9333333,-8.6666667,5.5,0.7
1001099999,2025-07-04T01:00:00,70.9333333,-8.6666667,5.2,0.7
1001099999,2025-07-04T03:00:00,70.9333333,-8.6666667,4.5,1.9
1001099999,2025-07-04T04:00:00,70.9333333,-8.6666667,4.2,2.5
1001099999,2025-07-04T06:00:00,70.9333333,-8.6666667,4.2,1.0
1001099999,2025-07-04T08:00:00,70.9333333,-8.6666667,4.2,3.3
1001099999,2025-07-04T09:00:00,70.9333333,-8.6666667,4.0,4.0
1001099999,2025-07-04T12:00:00,70.9333333,-8.6666667,4.7,3.0
1001099999,2025-07-04T15:00:00,70.9333333,-8.6666667,4.7,3.0
1001099999,2025-07-04T17:00:00,70.9333333,-8.6666667,4.7,2.3
1001099999,2025-07-04T18:00:00,70.9333333,-8.6666667,4.5,2.0
1001099999,2025-07-04T20:00:00,70.9333333,-8.6666667,4.7,1.6
1001099999,2025-07-04T21:00:00,70.9333333,-8.6666667,5.0,0.6
1001099999,2025-07-05T00:00:00,70.9333333,-8.6666667,4.2,1.6
1001099999,2025-07-05T03:00:00,70.9333333,-8.6666667,4.6,1.0
1001099999,2025-07-05T06:00:00,70.9333333,-8.6666667,4.8,2.0
1001099999,2025-07-05T08:00:00,70.9333333,-8.6666667,5.1,3.4
1001099999,2025-07-05T09:00:00,70.9333333,-8.6666667,5.2,5.0
1001099999,2025-07-05T10:00:00,70.9333333,-8.6666667,5.5,6.2
1001099999,2025-07-05T12:00:00,70.9333333,-8.6666667,6.0,7.0
1001099999,2025-07-05T15:00:00,70.9333333,-8.6666667,6.0,5.0
1001099999,2025-07-05T16:00:00,70.9333333,-8.6666667,5.7,3.5
1001099999,2025-07-05T18:00:00,70.9333333,-8.6666667,5.5,1.9
1001099999,2025-07-05T21:00:00,70.9333333,-8.6666667,5.2,2.0
1001099999,2025-07-05T22:00:00,70.9333333,-8.6666667,5.2,2.7
1001099999,2025-07-06T00:00:00,70.9333333,-8.6666667,5.5,4.7
1001099999,2025-07-06T02:00:00,70.9333333,-8.6666667,5.5,5.6
1001099999,2025-07-06T03:00:00,70.9333333,-8.6666667,5.3,5.0
1001099999,2025-07-06T05:00:00,70.9333333,-8.6666667,5.1,3.6
1001099999,2025-07-06T06:00:00,70.9333333,-8.6666667,5.0,3.0
1001099999,2025-07-06T09:00:00,70.9333333,-8.6666667,5.1,4.0
1001099999,2025-07-06T12:00:00,70.9333333,-8.6666667,5.2,2.0
1001099999,2025-07-06T15:00:00,70.9333333,-8.6666667,5.6,3.0
1001099999,2025-07-06T18:00:00,70.9333333,-8.6666667,5.5,2.7
1001099999,2025-07-06T21:00:00,70.9333333,-8.6666667,4.9,4.0
1001099999,2025-07-07T00:00:00,70.9333333,-8.6666667,4.6,2.9
1001099999,2025-07-07T03:00:00,70.9333333,-8.6666667,4.7,2.3
1001099999,2025-07-07T06:00:00,70.9333333,-8.6666667,5.4,2.0
1001099999,2025-07-07T09:00:00,70.9333333,-8.6666667,5.5,3.0
1001099999,2025-07-07T12:00:00,70.9333333,-8.6666667,5.1,4.0
1001099999,2025-07-07T15:00:00,70.9333333,-8.6666667,5.9,5.0
1001099999,2025-07-07T18:00:00,70.9333333,-8.6666667,7.0,7.5
1001099999,2025-07-07T19:00:00,70.9333333,-8.6666667,7.0,8.3
1001099999,2025-07-07T21:00:00,70.9333333,-8.6666667,6.0,8.5
1001099999,2025-07-07T23:00:00,70.9333333,-8.6666667,5.5,5.0
1001099999,2025-07-08T00:00:00,70.9333333,-8.6666667,5.2,4.8
1001099999,2025-07-08T03:00:00,70.9333333,-8.6666667,5.5,4.3
1001099999,2025-07-08T06:00:00,70.9333333,-8.6666667,5.2,6.0
1001099999,2025-07-08T09:00:00,70.9333333,-8.6666667,5.1,5.0
1001099999,2025-07-08T12:00:00,70.9333333,-8.6666667,5.6,6.0
1001099999,2025-07-08T15:00:00,70.9333333,-8.6666667,6.0,3.0
1001099999,2025-07-08T18:00:00,70.9333333,-8.6666667,6.5,4.1
1001099999,2025-07-08T21:00:00,70.9333333,-8.6666667,6.4,4.0
1001099999,2025-07-09T00:00:00,70.9333333,-8.6666667,6.0,5.1
1001099999,2025-07-09T03:00:00,70.9333333,-8.6666667,6.0,4.2
1001099999,2025-07-09T06:00:00,70.9333333,-8.6666667,6.5,3.9
1001099999,2025-07-09T09:00:00,70.9333333,-8.6666667,6.5,4.0
1001099999,2025-07-09T12:00:00,70.9333333,-8.6666667,5.7,4.0
1001099999,2025-07-09T15:00:00,70.9333333,-8.6666667,6.7,3.0
1001099999,2025-07-09T18:00:00,70.9333333,-8.6666667,7.2,2.9
1001099999,2025-07-09T21:00:00,70.9333333,-8.6666667,6.7,0.4
1001099999,2025-07-10T00:00:00,70.9333333,-8.6666667,6.2,2.0
1001099999,2025-07-10T03:00:00,70.9333333,-8.6666667,5.6,1.0
1001099999,2025-07-10T06:00:00,70.9333333,-8.6666667,6.4,2.0
1001099999,2025-07-10T09:00:00,70.9333333,-8.6666667,5.1,2.0
1001099999,2025-07-10T12:00:00,70.9333333,-8.6666667,6.9,3.0
1001099999,2025-07-10T15:00:00,70.9333333,-8.6666667,7.9,3.0
1001099999,2025-07-10T18:00:00,70.9333333,-8.6666667,9.2,3.1
1001099999,2025-07-10T21:00:00,70.9333333,-8.6666667,7.6,1.3
1001099999,2025-07-11T00:00:00,70.9333333,-8.6666667,7.5,0.6
1001099999,2025-07-11T02:00:00,70.9333333,-8.6666667,7.2,2.2
1001099999,2025-07-11T03:00:00,70.9333333,-8.6666667,9.6,5.5
1001099999,2025-07-11T05:00:00,70.9333333,-8.6666667,9.6,4.5
1001099999,2025-07-11T06:00:00,70.9333333,-8.6666667,10.4,5.0
1001099999,2025-07-11T09:00:00,70.9333333,-8.6666667,11.6,4.0
1001099999,2025-07-11T12:00:00,70.9333333,-8.6666667,9.8,3.0
1001099999,2025-07-11T15:00:00,70.9333333,-8.6666667,10.0,4.0
1001099999,2025-07-11T18:00:00,70.9333333,-8.6666667,8.1,2.2
1001099999,2025-07-11T21:00:00,70.9333333,-8.6666667,7.3,2.0
1001099999,2025-07-12T00:00:00,70.9333333,-8.6666667,5.2,5.0
1001099999,2025-07-12T03:00:00,70.9333333,-8.6666667,6.0,3.0
1001099999,2025-07-12T06:00:00,70.9333333,-8.6666667,6.5,4.0
1001099999,2025-07-12T09:00:00,70.9333333,-8.6666667,7.1,3.0
1001099999,2025-07-12T10:00:00,70.9333333,-8.6666667,7.2,2.2
1001099999,2025-07-12T11:00:00,70.9333333,-8.6666667,8.0,2.2
1001099999,2025-07-12T12:00:00,70.9333333,-8.6666667,8.5,1.7
1001099999,2025-07-12T15:00:00,70.9333333,-8.6666667,8.2,2.4
1001099999,2025-07-12T18:00:00,70.9333333,-8.6666667,8.0,1.8
1001099999,2025-07-12T19:00:00,70.9333333,-8.6666667,8.0,1.9
1001099999,2025-07-12T21:00:00,70.9333333,-8.6666667,7.5,0.9
1001099999,2025-07-13T00:00:00,70.9333333,-8.6666667,8.0,1.0
1001099999,2025-07-13T02:00:00,70.9333333,-8.6666667,8.0,5.1
1001099999,2025-07-13T03:00:00,70.9333333,-8.6666667,7.0,5.4
1001099999,2025-07-13T06:00:00,70.9333333,-8.6666667,6.9,4.0
1001099999,2025-07-13T09:00:00,70.9333333,-8.6666667,7.0,5.0
1001099999,2025-07-13T12:00:00,70.9333333,-8.6666667,7.6,5.0
1001099999,2025-07-13T15:00:00,70.9333333,-8.6666667,7.5,4.4
1001099999,2025-07-13T18:00:00,70.9333333,-8.6666667,7.5,1.8
1001099999,2025-07-13T19:00:00,70.9333333,-8.6666667,7.5,0.7
1001099999,2025-07-13T20:00:00,70.9333333,-8.6666667,7.2,2.0
1001099999,2025-07-13T21:00:00,70.9333333,-8.6666667,7.2,2.5
1001099999,2025-07-13T23:00:00,70.9333333,-8.6666667,6.7,1.1
1001099999,2025-07-14T00:00:00,70.9333333,-8.6666667,6.8,1.0
1001099999,2025-07-14T01:00:00,70.9333333,-8.6666667,6.6,0.3
1001099999,2025-07-14T03:00:00,70.9333333,-8.6666667,5.6,1.7
1001099999,2025-07-14T04:00:00,70.9333333,-8.6666667,5.2,1.1
1001099999,2025-07-14T06:00:00,70.9333333,-8.6666667,5.6,2.0
1001099999,2025-07-14T09:00:00,70.9333333,-8.6666667,8.0,1.4
1001099999,2025-07-14T12:00:00,70.9333333,-8.6666667,11.4,1.0
1001099999,2025-07-14T15:00:00,70.9333333,-8.6666667,12.7,2.0
1001099999,2025-07-14T18:00:00,70.9333333,-8.6666667,10.5,2.7
1001099999,2025-07-14T20:00:00,70.9333333,-8.6666667,10.0,1.5
1001099999,2025-07-14T21:00:00,70.9333333,-8.6666667,9.0,1.3
1001099999,2025-07-14T22:00:00,70.9333333,-8.6666667,8.5,0.9
1001099999,2025-07-14T23:00:00,70.9333333,-8.6666667,8.6,0.5
1001099999,2025-07-15T00:00:00,70.9333333,-8.6666667,8.2,1.0
1001099999,2025-07-15T01:00:00,70.9333333,-8.6666667,8.2,0.4
1001099999,2025-07-15T02:00:00,70.9333333,-8.6666667,8.0,0.9
1001099999,2025-07-15T03:00:00,70.9333333,-8.6666667,8.0,0.2
1001099999,2025-07-15T06:00:00,70.9333333,-8.6666667,9.9,1.0
1001099999,2025-07-15T08:00:00,70.9333333,-8.6666667,11.1,1.8
1001099999,2025-07-15T09:00:00,70.9333333,-8.6666667,11.6,2.0
1001099999,2025-07-15T10:00:00,70.9333333,-8.6666667,12.0,2.0
1001099999,2025-07-15T12:00:00,70.9333333,-8.6666667,12.8,3.0
1001099999,2025-07-15T13:00:00,70.9333333,-8.6666667,13.0,2.7
1001099999,2025-07-15T15:00:00,70.9333333,-8.6666667,13.5,2.9
1001099999,2025-07-15T16:00:00,70.9333333,-8.6666667,13.7,2.9
1001099999,2025-07-15T17:00:00,70.9333333,-8.6666667,13.0,1.9
1001099999,2025-07-15T18:00:00,70.9333333,-8.6666667,13.2,1.6
1001099999,2025-07-15T19:00:00,70.9333333,-8.6666667,13.1,2.6
1001099999,2025-07-15T21:00:00,70.9333333,-8.6666667,12.7,3.2
1001099999,2025-07-16T00:00:00,70.9333333,-8.6666667,10.3,1.0
1001099999,2025-07-16T03:00:00,70.9333333,-8.6666667,9.6,2.0
1001099999,2025-07-16T06:00:00,70.9333333,-8.6666667,10.0,2.0
1001099999,2025-07-16T07:00:00,70.9333333,-8.6666667,10.2,3.9
1001099999,2025-07-16T08:00:00,70.9333333,-8.6666667,10.2,4.2
1001099999,2025-07-16T09:00:00,70.9333333,-8.6666667,10.7,4.0
1001099999,2025-07-16T12:00:00,70.9333333,-8.6666667,10.7,4.0
1001099999,2025-07-16T15:00:00,70.9333333,-8.6666667,11.0,4.0
1001099999,2025-07-16T18:00:00,70.9333333,-8.6666667,8.8,4.0
1001099999,2025-07-16T20:00:00,70.9333333,-8.6666667,8.2,1.9
1001099999,2025-07-16T21:00:00,70.9333333,-8.6666667,8.2,2.6
1001099999,2025-07-16T23:00:00,70.9333333,-8.6666667,8.0,2.4
1001099999,2025-07-17T00:00:00,70.9333333,-8.6666667,8.0,3.6
1001099999,2025-07-17T01:00:00,70.9333333,-8.6666667,8.0,2.6
1001099999,2025-07-17T02:00:00,70.9333333,-8.6666667,7.6,2.7
1001099999,2025-07-17T03:00:00,70.9333333,-8.6666667,7.6,4.4
1001099999,2025-07-17T06:00:00,70.9333333,-8.6666667,7.9,4.0
1001099999,2025-07-17T08:00:00,70.9333333,-8.6666667,8.0,3.9
1001099999,2025-07-17T09:00:00,70.9333333,-8.6666667,8.1,3.0
1001099999,2025-07-17T12:00:00,70.9333333,-8.6666667,8.2,2.0
1001099999,2025-07-17T15:00:00,70.9333333,-8.6666667,8.5,3.1
1001099999,2025-07-17T16:00:00,70.9333333,-8.6666667,8.2,2.6
1001099999,2025-07-17T18:00:00,70.9333333,-8.6666667,8.1,2.7
1001099999,2025-07-17T21:00:00,70.9333333,-8.6666667,8.1,1.1
1001099999,2025-07-17T22:00:00,70.9333333,-8.6666667,8.1,1.6
1001099999,2025-07-18T00:00:00,70.9333333,-8.6666667,8.0,1.0
1001099999,2025-07-18T03:00:00,70.9333333,-8.6666667,7.6,1.7
1001099999,2025-07-18T06:00:00,70.9333333,-8.6666667,7.6,2.0
1001099999,2025-07-18T09:00:00,70.9333333,-8.6666667,7.7,2.0
1001099999,2025-07-18T12:00:00,70.9333333,-8.6666667,8.1,1.0
1001099999,2025-07-18T13:00:00,70.9333333,-8.6666667,8.2,1.3
1001099999,2025-07-18T15:00:00,70.9333333,-8.6666667,8.9,2.0
1001099999,2025-07-18T17:00:00,70.9333333,-8.6666667,9.0,1.7
1001099999,2025-07-18T18:00:00,70.9333333,-8.6666667,8.7,2.2
1001099999,2025-07-18T21:00:00,70.9333333,-8.6666667,7.7,2.0
1001099999,2025-07-18T23:00:00,70.9333333,-8.6666667,7.2,1.5
1001099999,2025-07-19T00:00:00,70.9333333,-8.6666667,7.2,0.7
1001099999,2025-07-19T03:00:00,70.9333333,-8.6666667,7.5,2.6
1001099999,2025-07-19T06:00:00,70.9333333,-8.6666667,6.6,2.0
1001099999,2025-07-19T09:00:00,70.9333333,-8.6666667,7.7,2.0
1001099999,2025-07-19T11:00:00,70.9333333,-8.6666667,8.5,2.0
1001099999,2025-07-19T12:00:00,70.9333333,-8.6666667,8.6,2.8
1001099999,2025-07-19T13:00:00,70.9333333,-8.6666667,9.2,2.5
1001099999,2025-07-19T14:00:00,70.9333333,-8.6666667,9.2,2.6
1001099999,2025-07-19T15:00:00,70.9333333,-8.6666667,9.5,2.0
1001099999,2025-07-19T17:00:00,70.9333333,-8.6666667,9.5,1.1
1001099999,2025-07-19T18:00:00,70.9333333,-8.6666667,9.6,1.7
1001099999,2025-07-19T20:00:00,70.9333333,-8.6666667,9.5,2.6
1001099999,2025-07-19T21:00:00,70.9333333,-8.6666667,9.5,2.3
1001099999,2025-07-19T22:00:00,70.9333333,-8.6666667,9.2,1.1
1001099999,2025-07-19T23:00:00,70.9333333,-8.6666667,9.5,1.3
1001099999,2025-07-20T00:00:00,70.9333333,-8.6666667,9.5,2.0
1001099999,2025-07-20T01:00:00,70.9333333,-8.6666667,9.2,2.7
1001099999,2025-07-20T03:00:00,70.9333333,-8.6666667,9.0,0.9
1001099999,2025-07-20T06:00:00,70.9333333,-8.6666667,9.1,1.0
1001099999,2025-07-20T09:00:00,70.9333333,-8.6666667,9.8,2.0
1001099999,2025-07-20T12:00:00,70.9333333,-8.6666667,9.8,2.0
1001099999,2025-07-20T15:00:00,70.9333333,-8.6666667,9.8,3.0
1001099999,2025-07-20T18:00:00,70.9333333,-8.6666667,9.5,3.7
1001099999,2025-07-20T21:00:00,70.9333333,-8.6666667,9.0,3.2
1001099999,2025-07-21T00:00:00,70.9333333,-8.6666667,8.6,3.1
1001099999,2025-07-21T03:00:00,70.9333333,-8.6666667,9.0,1.8
1001099999,2025-07-21T06:00:00,70.9333333,-8.6666667,9.6,1.0
1001099999,2025-07-21T09:00:00,70.9333333,-8.6666667,9.7,2.0
1001099999,2025-07-21T12:00:00,70.9333333,-8.6666667,10.3,2.0
1001099999,2025-07-21T15:00:00,70.9333333,-8.6666667,9.8,4.0
1001099999,2025-07-21T18:00:00,70.9333333,-8.6666667,8.6,2.9
1001099999,2025-07-21T21:00:00,70.9333333,-8.6666667,8.0,2.2
1001099999,2025-07-22T00:00:00,70.9333333,-8.6666667,7.7,0.6
1001099999,2025-07-22T03:00:00,70.9333333,-8.6666667,7.2,0.4
1001099999,2025-07-22T06:00:00,70.9333333,-8.6666667,7.3,1.0
1001099999,2025-07-22T09:00:00,70.9333333,-8.6666667,8.1,1.0
1001099999,2025-07-22T11:00:00,70.9333333,-8.6666667,9.0,2.1
1001099999,2025-07-22T12:00:00,70.9333333,-8.6666667,9.1,3.0
1001099999,2025-07-22T15:00:00,70.9333333,-8.6666667,9.1,2.0
1001099999,2025-07-22T18:00:00,70.9333333,-8.6666667,9.0,1.9
1001099999,2025-07-22T19:00:00,70.9333333,-8.6666667,8.7,2.3
1001099999,2025-07-22T20:00:00,70.9333333,-8.6666667,8.2,2.5
1001099999,2025-07-22T21:00:00,70.9333333,-8.6666667,8.0,1.7
1001099999,2025-07-23T00:00:00,70.9333333,-8.6666667,7.5,1.0
1001099999,2025-07-23T03:00:00,70.9333333,-8.6666667,8.5,1.6
1001099999,2025-07-23T04:00:00,70.9333333,-8.6666667,9.2,1.4
1001099999,2025-07-23T06:00:00,70.9333333,-8.6666667,9.8,2.0
1001099999,2025-07-23T09:00:00,70.9333333,-8.6666667,9.9,1.0
1001099999,2025-07-23T12:00:00,70.9333333,-8.6666667,10.2,1.7
1001099999,2025-07-23T15:00:00,70.9333333,-8.6666667,10.8,1.0
1001099999,2025-07-23T18:00:00,70.9333333,-8.6666667,10.5,0.7
1001099999,2025-07-23T21:00:00,70.9333333,-8.6666667,10.2,0.8
1001099999,2025-07-23T22:00:00,70.9333333,-8.6666667,10.2,0.7
1001099999,2025-07-24T00:00:00,70.9333333,-8.6666667,10.0,0.8
1001099999,2025-07-24T03:00:00,70.9333333,-8.6666667,10.0,1.1
1001099999,2025-07-24T06:00:00,70.9333333,-8.6666667,10.1,1.0
1001099999,2025-07-24T09:00:00,70.9333333,-8.6666667,10.2,1.4
1001099999,2025-07-24T12:00:00,70.9333333,-8.6666667,10.6,1.0
1001099999,2025-07-24T15:00:00,70.9333333,-8.6666667,10.5,2.0
1001099999,2025-07-24T18:00:00,70.9333333,-8.6666667,10.5,0.6
1001099999,2025-07-24T21:00:00,70.9333333,-8.6666667,9.5,0.9
1001099999,2025-07-25T00:00:00,70.9333333,-8.6666667,9.2,1.4
1001099999,2025-07-25T03:00:00,70.9333333,-8.6666667,9.0,2.4
1001099999,2025-07-25T06:00:00,70.9333333,-8.6666667,9.2,1.0
1001099999,2025-07-25T09:00:00,70.9333333,-8.6666667,9.3,3.0
1001099999,2025-07-25T12:00:00,70.9333333,-8.6666667,9.6,1.0
1001099999,2025-07-25T15:00:00,70.9333333,-8.6666667,9.7,3.0
1001099999,2025-07-25T16:00:00,70.9333333,-8.6666667,10.0,4.0
1001099999,2025-07-25T18:00:00,70.9333333,-8.6666667,9.7,1.1
1001099999,2025-07-25T21:00:00,70.9333333,-8.6666667,9.2,2.3
1001099999,2025-07-26T00:00:00,70.9333333,-8.6666667,9.1,0.8
1001099999,2025-07-26T03:00:00,70.9333333,-8.6666667,9.2,5.1
1001099999,2025-07-26T06:00:00,70.9333333,-8.6666667,9.3,1.0
1001099999,2025-07-26T09:00:00,70.9333333,-8.6666667,9.6,1.0
1001099999,2025-07-26T12:00:00,70.9333333,-8.6666667,10.4,1.0
1001099999,2025-07-26T15:00:00,70.9333333,-8.6666667,10.9,1.0
1001099999,2025-07-26T18:00:00,70.9333333,-8.6666667,10.2,2.7
1001099999,2025-07-26T21:00:00,70.9333333,-8.6666667,10.5,0.6
1001099999,2025-07-27T00:00:00,70.9333333,-8.6666667,10.2,0.9
1001099999,2025-07-27T03:00:00,70.9333333,-8.6666667,10.6,0.9
1001099999,2025-07-27T06:00:00,70.9333333,-8.6666667,10.5,1.0
1001099999,2025-07-27T09:00:00,70.9333333,-8.6666667,10.8,1.0
1001099999,2025-07-27T12:00:00,70.9333333,-8.6666667,11.4,1.0
1001099999,2025-07-27T15:00:00,70.9333333,-8.6666667,11.3,2.0
1001099999,2025-07-27T18:00:00,70.9333333,-8.6666667,11.1,1.4
1001099999,2025-07-27T21:00:00,70.9333333,-8.6666667,10.6,1.6
1001099999,2025-07-28T00:00:00,70.9333333,-8.6666667,9.5,0.6
1001099999,2025-07-28T03:00:00,70.9333333,-8.6666667,9.6,0.3
1001099999,2025-07-28T06:00:00,70.9333333,-8.6666667,8.5,2.0
1001099999,2025-07-28T09:00:00,70.9333333,-8.6666667,8.7,2.0
1001099999,2025-07-28T12:00:00,70.9333333,-8.6666667,9.3,1.0
1001099999,2025-07-28T15:00:00,70.9333333,-8.6666667,9.6,1.0
1001099999,2025-07-28T21:00:00,70.9333333,-8.6666667,9.1,1.1
1001099999,2025-07-29T00:00:00,70.9333333,-8.6666667,9.2,3.0
1001099999,2025-07-29T06:00:00,70.9333333,-8.6666667,7.6,4.9
1001099999,2025-07-29T09:00:00,70.9333333,-8.6666667,7.9,4.0
1001099999,2025-07-29T12:00:00,70.9333333,-8.6666667,8.4,2.0
1001099999,2025-07-29T15:00:00,70.9333333,-8.6666667,8.9,2.0
1001099999,2025-07-29T18:00:00,70.9333333,-8.6666667,9.0,6.5
1001099999,2025-07-29T21:00:00,70.9333333,-8.6666667,9.0,5.2
1001099999,2025-07-30T00:00:00,70.9333333,-8.6666667,9.1,7.0
1001099999,2025-07-30T03:00:00,70.9333333,-8.6666667,9.2,7.9
1001099999,2025-07-30T04:00:00,70.9333333,-8.6666667,9.2,7.8
1001099999,2025-07-30T06:00:00,70.9333333,-8.6666667,9.0,10.0
1001099999,2025-07-30T09:00:00,70.9333333,-8.6666667,8.9,9.0
1001099999,2025-07-30T12:00:00,70.9333333,-8.6666667,8.9,11.0
1001099999,2025-07-30T15:00:00,70.9333333,-8.6666667,8.8,8.0
1001099999,2025-07-30T18:00:00,70.9333333,-8.6666667,8.7,7.4
1001099999,2025-07-30T21:00:00,70.9333333,-8.6666667,8.5,7.6
1001099999,2025-07-31T00:00:00,70.9333333,-8.6666667,8.6,7.4
1001099999,2025-07-31T03:00:00,70.9333333,-8.6666667,8.5,5.9
1001099999,2025-07-31T06:00:00,70.9333333,-8.6666667,8.8,7.0
1001099999,2025-07-31T09:00:00,70.9333333,-8.6666667,8.6,4.0
1001099999,2025-07-31T12:00:00,70.9333333,-8.6666667,8.8,5.0
1001099999,2025-07-31T15:00:00,70.9333333,-8.6666667,8.8,4.0
1001099999,2025-07-31T18:00:00,70.9333333,-8.6666667,8.2,3.5
1001099999,2025-07-31T21:00:00,70.9333333,-8.6666667,8.2,3.4
1001099999,2025-08-01T00:00:00,70.9333333,-8.6666667,8.2,2.0
1001099999,2025-08-01T03:00:00,70.9333333,-8.6666667,8.1,1.8
1001099999,2025-08-01T06:00:00,70.9333333,-8.6666667,8.5,1.0
1001099999,2025-08-01T09:00:00,70.9333333,-8.6666667,9.2,5.0
1001099999,2025-08-01T12:00:00,70.9333333,-8.6666667,9.1,16.0
1001099999,2025-08-01T15:00:00,70.9333333,-8.6666667,9.7,5.0
1001099999,2025-08-01T18:00:00,70.9333333,-8.6666667,9.0,2.0
1001099999,2025-08-01T21:00:00,70.9333333,-8.6666667,7.6,2.7
1001099999,2025-08-02T00:00:00,70.9333333,-8.6666667,6.7,0.3
1001099999,2025-08-02T03:00:00,70.9333333,-8.6666667,7.6,2.7
1001099999,2025-08-02T06:00:00,70.9333333,-8.6666667,7.9,7.0
1001099999,2025-08-02T09:00:00,70.9333333,-8.6666667,8.4,6.0
1001099999,2025-08-02T12:00:00,70.9333333,-8.6666667,8.9,7.0
1001099999,2025-08-02T15:00:00,70.9333333,-8.6666667,8.8,8.0
1001099999,2025-08-02T18:00:00,70.9333333,-8.6666667,9.0,8.7
1001099999,2025-08-02T21:00:00,70.9333333,-8.6666667,9.0,7.9
1001099999,2025-08-03T00:00:00,70.9333333,-8.6666667,9.0,7.8
1001099999,2025-08-03T03:00:00,70.9333333,-8.6666667,9.1,6.7
1001099999,2025-08-03T06:00:00,70.9333333,-8.6666667,9.3,8.0
1001099999,2025-08-03T09:00:00,70.9333333,-8.6666667,9.3,7.0
1001099999,2025-08-03T12:00:00,70.9333333,-8.6666667,9.0,6.0
1001099999,2025-08-03T15:00:00,70.9333333,-8.6666667,9.0,2.0
1001099999,2025-08-03T18:00:00,70.9333333,-8.6666667,8.7,1.6
1001099999,2025-08-03T21:00:00,70.9333333,-8.6666667,8.0,4.7
1001099999,2025-08-03T23:00:00,70.9333333,-8.6666667,8.1,4.4
1001099999,2025-08-04T00:00:00,70.9333333,-8.6666667,8.1,3.8
1001099999,2025-08-04T03:00:00,70.9333333,-8.6666667,8.2,2.8
1001099999,2025-08-04T06:00:00,70.9333333,-8.6666667,8.4,2.0
1001099999,2025-08-04T09:00:00,70.9333333,-8.6666667,8.8,1.0
1001099999,2025-08-04T10:00:00,70.9333333,-8.6666667,8.7,1.5
1001099999,2025-08-04T12:00:00,70.9333333,-8.6666667,8.8,2.0
1001099999,2025-08-04T15:00:00,70.9333333,-8.6666667,8.7,4.0
1001099999,2025-08-04T16:00:00,70.9333333,-8.6666667,9.0,3.9
1001099999,2025-08-04T18:00:00,70.9333333,-8.6666667,9.5,2.2
1001099999,2025-08-04T21:00:00,70.9333333,-8.6666667,8.5,1.8
1001099999,2025-08-05T00:00:00,70.9333333,-8.6666667,8.5,0.7
1001099999,2025-08-05T03:00:00,70.9333333,-8.6666667,7.6,1.7
1001099999,2025-08-05T06:00:00,70.9333333,-8.6666667,7.6,1.7
1001099999,2025-08-05T09:00:00,70.9333333,-8.6666667,7.9,2.0
1001099999,2025-08-05T11:00:00,70.9333333,-8.6666667,7.7,1.8
1001099999,2025-08-05T12:00:00,70.9333333,-8.6666667,8.0,1.2
1001099999,2025-08-05T15:00:00,70.9333333,-8.6666667,8.3,3.0
1001099999,2025-08-05T18:00:00,70.9333333,-8.6666667,8.7,2.9
1001099999,2025-08-05T21:00:00,70.9333333,-8.6666667,6.6,9.1
1001099999,2025-08-06T00:00:00,70.9333333,-8.6666667,7.1,13.0
1001099999,2025-08-06T02:00:00,70.9333333,-8.6666667,7.6,9.4
1001099999,2025-08-06T03:00:00,70.9333333,-8.6666667,7.7,9.3
1001099999,2025-08-06T06:00:00,70.9333333,-8.6666667,7.7,13.2
1001099999,2025-08-06T09:00:00,70.9333333,-8.6666667,8.0,15.0
1001099999,2025-08-06T11:00:00,70.9333333,-8.6666667,8.6,14.6
1001099999,2025-08-06T12:00:00,70.9333333,-8.6666667,8.0,17.0
1001099999,2025-08-06T15:00:00,70.9333333,-8.6666667,7.5,21.0
1001099999,2025-08-06T18:00:00,70.9333333,-8.6666667,7.5,22.3
1001099999,2025-08-06T21:00:00,70.9333333,-8.6666667,7.5,19.6
1001099999,2025-08-06T23:00:00,70.9333333,-8.6666667,7.2,21.8
1001099999,2025-08-07T00:00:00,70.9333333,-8.6666667,7.1,17.8
1001099999,2025-08-07T03:00:00,70.9333333,-8.6666667,8.2,1.4
1001099999,2025-08-07T05:00:00,70.9333333,-8.6666667,8.5,1.7
1001099999,2025-08-07T06:00:00,70.9333333,-8.6666667,8.8,3.0
1001099999,2025-08-07T07:00:00,70.9333333,-8.6666667,9.0,1.3
1001099999,2025-08-07T09:00:00,70.9333333,-8.6666667,9.8,3.0
1001099999,2025-08-07T12:00:00,70.9333333,-8.6666667,10.2,3.0
1001099999,2025-08-07T15:00:00,70.9333333,-8.6666667,10.1,2.0
1001099999,2025-08-07T18:00:00,70.9333333,-8.6666667,9.2,1.7
1001099999,2025-08-07T21:00:00,70.9333333,-8.6666667,8.7,0.6
1001099999,2025-08-08T00:00:00,70.9333333,-8.6666667,9.1,1.1
1001099999,2025-08-08T03:00:00,70.9333333,-8.6666667,9.0,0.9
1001099999,2025-08-08T06:00:00,70.9333333,-8.6666667,8.8,5.0
1001099999,2025-08-08T09:00:00,70.9333333,-8.6666667,9.9,2.0
1001099999,2025-08-08T12:00:00,70.9333333,-8.6666667,10.7,1.0
1001099999,2025-08-08T15:00:00,70.9333333,-8.6666667,11.3,2.0
1001099999,2025-08-08T18:00:00,70.9333333,-8.6666667,10.6,2.4
1001099999,2025-08-08T21:00:00,70.9333333,-8.6666667,8.2,0.7
1001099999,2025-08-09T00:00:00,70.9333333,-8.6666667,10.0,7.0
1001099999,2025-08-09T03:00:00,70.9333333,-8.6666667,9.2,9.6
1001099999,2025-08-09T06:00:00,70.9333333,-8.6666667,9.5,10.0
1001099999,2025-08-09T09:00:00,70.9333333,-8.6666667,10.2,3.0
1001099999,2025-08-09T12:00:00,70.9333333,-8.6666667,9.9,3.0
1001099999,2025-08-09T15:00:00,70.9333333,-8.6666667,9.8,2.0
1001099999,2025-08-09T18:00:00,70.9333333,-8.6666667,9.7,1.5
1001099999,2025-08-09T21:00:00,70.9333333,-8.6666667,9.1,0.5
1001099999,2025-08-10T00:00:00,70.9333333,-8.6666667,8.5,0.8
1001099999,2025-08-10T03:00:00,70.9333333,-8.6666667,8.0,1.9
1001099999,2025-08-10T06:00:00,70.9333333,-8.6666667,7.8,4.0
1001099999,2025-08-10T09:00:00,70.9333333,-8.6666667,7.8,4.0
1001099999,2025-08-10T12:00:00,70.9333333,-8.6666667,7.9,3.0
1001099999,2025-08-10T15:00:00,70.9333333,-8.6666667,8.0,3.0
1001099999,2025-08-10T18:00:00,70.9333333,-8.6666667,8.1,2.3
1001099999,2025-08-10T21:00:00,70.9333333,-8.6666667,8.0,3.0
1001099999,2025-08-11T00:00:00,70.9333333,-8.6666667,7.6,2.3
1001099999,2025-08-11T03:00:00,70.9333333,-8.6666667,7.6,1.2
1001099999,2025-08-11T06:00:00,70.9333333,-8.6666667,7.7,1.4
1001099999,2025-08-11T09:00:00,70.9333333,-8.6666667,7.9,3.0
1001099999,2025-08-11T12:00:00,70.9333333,-8.6666667,8.3,4.0
1001099999,2025-08-11T15:00:00,70.9333333,-8.6666667,8.1,3.0
1001099999,2025-08-11T18:00:00,70.9333333,-8.6666667,8.0,3.0
1001099999,2025-08-11T21:00:00,70.9333333,-8.6666667,8.0,5.3
1001099999,2025-08-12T00:00:00,70.9333333,-8.6666667,8.2,4.0
1001099999,2025-08-12T03:00:00,70.9333333,-8.6666667,7.6,2.2
1001099999,2025-08-12T06:00:00,70.9333333,-8.6666667,7.7,2.0
1001099999,2025-08-12T09:00:00,70.9333333,-8.6666667,8.1,3.0
1001099999,2025-08-12T12:00:00,70.9333333,-8.6666667,8.4,4.0
1001099999,2025-08-12T15:00:00,70.9333333,-8.6666667,8.1,3.0
1001099999,2025-08-12T18:00:00,70.9333333,-8.6666667,8.0,5.9
1001099999,2025-08-12T21:00:00,70.9333333,-8.6666667,7.5,0.5
1001099999,2025-08-13T00:00:00,70.9333333,-8.6666667,8.7,2.1
1001099999,2025-08-13T03:00:00,70.9333333,-8.6666667,8.7,4.0
1001099999,2025-08-13T06:00:00,70.9333333,-8.6666667,9.4,3.0
1001099999,2025-08-13T09:00:00,70.9333333,-8.6666667,10.3,2.0
1001099999,2025-08-13T12:00:00,70.9333333,-8.6666667,10.5,13.0
1001099999,2025-08-13T15:00:00,70.9333333,-8.6666667,9.6,12.0
1001099999,2025-08-13T18:00:00,70.9333333,-8.6666667,9.0,9.9
1001099999,2025-08-13T21:00:00,70.9333333,-8.6666667,8.5,5.6
1001099999,2025-08-14T00:00:00,70.9333333,-8.6666667,8.2,5.1
1001099999,2025-08-14T03:00:00,70.9333333,-8.6666667,7.7,5.1
1001099999,2025-08-14T06:00:00,70.9333333,-8.6666667,7.5,6.0
1001099999,2025-08-14T09:00:00,70.9333333,-8.6666667,7.7,8.0
1001099999,2025-08-14T12:00:00,70.9333333,-8.6666667,7.8,7.0
1001099999,2025-08-14T15:00:00,70.9333333,-8.6666667,8.1,3.0
1001099999,2025-08-14T18:00:00,70.9333333,-8.6666667,8.2,9.5
1001099999,2025-08-14T21:00:00,70.9333333,-8.6666667,7.6,8.0
1001099999,2025-08-15T00:00:00,70.9333333,-8.6666667,6.6,7.1
1001099999,2025-08-15T03:00:00,70.9333333,-8.6666667,7.2,4.5
1001099999,2025-08-15T06:00:00,70.9333333,-8.6666667,7.0,4.0
1001099999,2025-08-15T09:00:00,70.9333333,-8.6666667,6.7,4.0
1001099999,2025-08-15T12:00:00,70.9333333,-8.6666667,7.1,4.0
1001099999,2025-08-15T15:00:00,70.9333333,-8.6666667,7.6,6.0
1001099999,2025-08-15T18:00:00,70.9333333,-8.6666667,7.6,5.8
1001099999,2025-08-15T21:00:00,70.9333333,-8.6666667,7.7,5.3
1001099999,2025-08-16T00:00:00,70.9333333,-8.6666667,7.6,3.0
1001099999,2025-08-16T03:00:00,70.9333333,-8.6666667,8.0,2.4
1001099999,2025-08-16T06:00:00,70.9333333,-8.6666667,6.4,9.0
1001099999,2025-08-16T09:00:00,70.9333333,-8.6666667,8.5,9.2
1001099999,2025-08-16T12:00:00,70.9333333,-8.6666667,8.7,2.0
1001099999,2025-08-16T15:00:00,70.9333333,-8.6666667,8.3,2.0
1001099999,2025-08-16T18:00:00,70.9333333,-8.6666667,8.7,4.5
1001099999,2025-08-16T21:00:00,70.9333333,-8.6666667,8.0,2.0
1001099999,2025-08-17T00:00:00,70.9333333,-8.6666667,6.7,2.4
1001099999,2025-08-17T03:00:00,70.9333333,-8.6666667,8.2,1.8
1001099999,2025-08-17T06:00:00,70.9333333,-8.6666667,8.1,4.0
1001099999,2025-08-17T09:00:00,70.9333333,-8.6666667,6.9,9.0
1001099999,2025-08-17T12:00:00,70.9333333,-8.6666667,6.9,6.0
1001099999,2025-08-17T15:00:00,70.9333333,-8.6666667,7.4,9.0
1001099999,2025-08-17T18:00:00,70.9333333,-8.6666667,7.0,3.8
1001099999,2025-08-17T21:00:00,70.9333333,-8.6666667,6.6,4.3
1001099999,2025-08-18T00:00:00,70.9333333,-8.6666667,7.0,11.0
1001099999,2025-08-18T03:00:00,70.9333333,-8.6666667,7.0,11.4
1001099999,2025-08-18T06:00:00,70.9333333,-8.6666667,5.1,8.0
1001099999,2025-08-18T09:00:00,70.9333333,-8.6666667,5.9,11.0
1001099999,2025-08-18T12:00:00,70.9333333,-8.6666667,6.0,12.0
1001099999,2025-08-18T15:00:00,70.9333333,-8.6666667,6.0,9.0
1001099999,2025-08-18T18:00:00,70.9333333,-8.6666667,5.2,8.1
1001099999,2025-08-18T21:00:00,70.9333333,-8.6666667,5.7,5.7
1001099999,2025-08-19T00:00:00,70.9333333,-8.6666667,6.2,7.0
1001099999,2025-08-19T03:00:00,70.9333333,-8.6666667,7.0,2.3
1001099999,2025-08-19T06:00:00,70.9333333,-8.6666667,7.5,8.0
1001099999,2025-08-19T09:00:00,70.9333333,-8.6666667,7.9,6.0
1001099999,2025-08-19T12:00:00,70.9333333,-8.6666667,7.6,9.0
1001099999,2025-08-19T15:00:00,70.9333333,-8.6666667,7.6,5.0
1001099999,2025-08-19T18:00:00,70.9333333,-8.6666667,6.6,4.5
1001099999,2025-08-19T21:00:00,70.9333333,-8.6666667,5.7,4.9
1001099999,2025-08-20T00:00:00,70.9333333,-8.6666667,5.5,2.9
1001099999,2025-08-20T03:00:00,70.9333333,-8.6666667,5.5,6.3
1001099999,2025-08-20T06:00:00,70.9333333,-8.6666667,5.3,12.0
1001099999,2025-08-20T09:00:00,70.9333333,-8.6666667,7.0,13.0
1001099999,2025-08-20T12:00:00,70.9333333,-8.6666667,8.1,10.0
1001099999,2025-08-20T15:00:00,70.9333333,-8.6666667,8.0,9.0
1001099999,2025-08-20T18:00:00,70.9333333,-8.6666667,6.7,8.1
1001099999,2025-08-20T21:00:00,70.9333333,-8.6666667,6.6,5.6
1001099999,2025-08-21T00:00:00,70.9333333,-8.6666667,4.5,11.9
1001099999,2025-08-21T03:00:00,70.9333333,-8.6666667,5.0,9.9
1001099999,2025-08-21T06:00:00,70.9333333,-8.6666667,4.9,10.0
1001099999,2025-08-21T09:00:00,70.9333333,-8.6666667,7.2,5.0
1001099999,2025-08-21T12:00:00,70.9333333,-8.6666667,8.6,10.0
1001099999,2025-08-21T15:00:00,70.9333333,-8.6666667,8.3,10.0
1001099999,2025-08-21T18:00:00,70.9333333,-8.6666667,7.1,7.1
1001099999,2025-08-21T21:00:00,70.9333333,-8.6666667,6.5,5.7
1001099999,2025-08-22T00:00:00,70.9333333,-8.6666667,6.0,3.8
1001099999,2025-08-22T03:00:00,70.9333333,-8.6666667,6.0,2.2
1001099999,2025-08-22T06:00:00,70.9333333,-8.6666667,7.0,5.0
1001099999,2025-08-22T09:00:00,70.9333333,-8.6666667,8.2,2.0
1001099999,2025-08-22T12:00:00,70.9333333,-8.6666667,8.8,2.0
1001099999,2025-08-22T15:00:00,70.9333333,-8.6666667,9.3,2.0
1001099999,2025-08-22T18:00:00,70.9333333,-8.6666667,8.7,0.7
1001099999,2025-08-22T21:00:00,70.9333333,-8.6666667,6.0,2.2
1001099999,2025-08-23T00:00:00,70.9333333,-8.6666667,6.2,2.5
1001099999,2025-08-23T03:00:00,70.9333333,-8.6666667,6.5,2.4
1001099999,2025-08-23T06:00:00,70.9333333,-8.6666667,6.6,5.0
1001099999,2025-08-23T09:00:00,70.9333333,-8.6666667,7.0,6.0
1001099999,2025-08-23T12:00:00,70.9333333,-8.6666667,9.3,6.0
1001099999,2025-08-23T15:00:00,70.9333333,-8.6666667,9.2,6.0
1001099999,2025-08-23T18:00:00,70.9333333,-8.6666667,9.0,5.4
1001099999,2025-08-23T21:00:00,70.9333333,-8.6666667,8.0,5.6
1001099999,2025-08-24T00:00:00,70.9333333,-8.6666667,7.5,4.1
1001099999,2025-08-24T06:00:00,70.9333333,-8.6666667,6.6,1.0
1001099999,2025-08-24T09:00:00,70.9333333,-8.6666667,6.5,2.0
1001099999,2025-08-24T12:00:00,70.9333333,-8.6666667,7.4,3.0
1001099999,2025-08-24T15:00:00,70.9333333,-8.6666667,7.4,2.0
1001099999,2025-08-24T18:00:00,70.9333333,-8.6666667,7.5,1.4
1001099999,2025-08-24T21:00:00,70.9333333,-8.6666667,7.6,3.9
